id,event_timestamp,zone_id,spot_id,occupancy_status,is_occupied,peak_hour_flag,vehicle_type,payment_amount,parking_duration_mins,weather_temp,traffic_level
1,2021-01-01 00:00:00.000000,63,20,Occupied,1,0,Car,2.2897744750054376,4,18.092552925879534,Low
2,2021-01-02 06:39:16.756756,63,49,Occupied,1,0,Car,0.6719833299772372,3,13.397532782974842,Low
3,2021-01-03 13:18:33.513513,12,38,Vacant,0,0,Car,0.8282931403922983,5,21.687410373631995,High
4,2021-01-04 19:57:50.270270,12,31,Vacant,0,1,Motorcycle,14.273130664905292,2,18.68346096561042,Medium
5,2021-01-06 02:37:07.027027,6,8,Occupied,1,0,Car,5.884322571178742,2,19.214875857776462,High
6,2021-01-07 09:16:23.783783,11,8,Vacant,0,1,Car,12.952884203673314,1,13.94919528292921,Low
7,2021-01-08 15:55:40.540540,63,3,Vacant,0,0,Electric Vehicle,11.466072026884277,5,27.957001838814023,Medium
8,2021-01-09 22:34:57.297297,6,45,Occupied,1,0,Car,1.4544489080496803,4,24.38357093193058,Low
9,2021-01-11 05:14:14.054054,63,31,Vacant,0,0,Electric Vehicle,1.541866036968245,3,24.820779420859893,Low
10,2021-01-12 11:53:30.810810,12,37,Vacant,0,0,Electric Vehicle,14.078940250909692,5,18.47277648779159,Low
11,2021-01-13 18:32:47.567567,63,2,Vacant,0,1,Car,12.775055852148594,2,11.354085552482898,Low
12,2021-01-15 01:12:04.324324,63,50,Occupied,1,0,Car,4.748646518945145,4,29.764586912447555,Low
13,2021-01-16 07:51:21.081081,63,43,Occupied,1,1,Motorcycle,0.805836392278766,1,19.69451245997066,Low
14,2021-01-17 14:30:37.837837,63,11,Occupied,1,0,Car,0.1217179840152656,0,16.25600101989973,Low
15,2021-01-18 21:09:54.594594,6,10,Occupied,1,0,Car,3.3989782650672904,3,22.08400787241557,Medium
16,2021-01-20 03:49:11.351351,6,10,Vacant,0,0,Motorcycle,0.0926506202659176,3,25.835603940016487,Low
17,2021-01-21 10:28:28.108108,11,16,Occupied,1,0,Car,2.614590817038624,6,19.88474721957267,Low
18,2021-01-22 17:07:44.864864,12,27,Vacant,0,1,Car,5.43866752972202,2,26.39287583969687,Low
19,2021-01-23 23:47:01.621621,63,23,Occupied,1,0,Car,1.2944349127542225,4,25.41499969258434,Low
20,2021-01-25 06:26:18.378378,63,15,Vacant,0,0,Motorcycle,1.1012491164623948,2,14.618094062989709,Medium
21,2021-01-26 13:05:35.135135,63,32,Occupied,1,0,Car,22.67579363095358,1,16.631049471702617,Low
22,2021-01-27 19:44:51.891891,63,8,Occupied,1,1,Car,8.80610000682741,5,24.78768581639884,Medium
23,2021-01-29 02:24:08.648648,12,15,Vacant,0,0,Car,27.25028827116777,4,6.43693718094781,Low
24,2021-01-30 09:03:25.405405,12,19,Occupied,1,1,Car,4.243821582356716,1,19.252721534175052,Low
25,2021-01-31 15:42:42.162162,63,24,Occupied,1,0,Motorcycle,11.305517788468054,2,12.845843991876642,Medium
26,2021-02-01 22:21:58.918918,63,41,Occupied,1,0,Motorcycle,2.2902540885026346,5,17.617230992832376,Medium
27,2021-02-03 05:01:15.675675,63,11,Occupied,1,0,Car,9.632259503793914,1,18.50589955485398,Low
28,2021-02-04 11:40:32.432432,63,27,Vacant,0,0,Car,1.3878600826529297,3,18.20877811046246,Medium
29,2021-02-05 18:19:49.189189,63,31,Vacant,0,1,Car,0.0208280671307322,5,17.238693739436957,Low
30,2021-02-07 00:59:05.945945,6,3,Occupied,1,0,Car,26.813858956677212,2,14.514281751855927,Medium
31,2021-02-08 07:38:22.702702,63,31,Occupied,1,1,Car,8.094436680709494,2,31.45955633409343,Medium
32,2021-02-09 14:17:39.459459,6,9,Vacant,0,0,Car,26.164833294059363,3,29.337310020806758,Medium
33,2021-02-10 20:56:56.216216,63,4,Vacant,0,0,Car,4.062126730183031,2,14.189670898718584,High
34,2021-02-12 03:36:12.972972,63,49,Vacant,0,0,Car,3.97178639659754,3,27.91058375651784,Low
35,2021-02-13 10:15:29.729729,6,50,Vacant,0,0,Motorcycle,5.1191788969301015,2,18.002672547635736,Medium
36,2021-02-14 16:54:46.486486,12,42,Occupied,1,0,Motorcycle,12.243149225789676,4,20.64593736665855,Low
37,2021-02-15 23:34:03.243243,63,16,Occupied,1,0,Car,8.342699070101288,3,19.68363020051542,Low
38,2021-02-17 06:13:20.000000,6,5,Occupied,1,0,Car,25.95010491907969,4,16.70125679373017,Low
39,2021-02-18 12:52:36.756756,63,35,Occupied,1,0,Motorcycle,0.257701165500699,5,24.91926171803073,Low
40,2021-02-19 19:31:53.513513,63,23,Vacant,0,1,Electric Vehicle,12.316727224027357,3,20.62943265288329,Medium
41,2021-02-21 02:11:10.270270,6,7,Vacant,0,0,Car,4.009667748467677,1,17.617242883903792,Low
42,2021-02-22 08:50:27.027027,6,26,Vacant,0,1,Motorcycle,1.9873592056933305,1,13.477052780997637,Low
43,2021-02-23 15:29:43.783783,63,2,Occupied,1,0,Motorcycle,7.1415760689282015,2,15.532024931404395,Low
44,2021-02-24 22:09:00.540540,63,47,Vacant,0,0,Car,7.033263816454989,3,11.793099421989517,Low
45,2021-02-26 04:48:17.297297,6,14,Occupied,1,0,Car,1.473533674571094,5,20.061117742075847,High
46,2021-02-27 11:27:34.054054,63,34,Occupied,1,0,Car,2.255164345422666,2,14.01667203857802,Low
47,2021-02-28 18:06:50.810810,63,16,Occupied,1,1,Car,5.245268329606105,1,18.67219743740729,Medium
48,2021-03-02 00:46:07.567567,12,27,Vacant,0,0,Car,5.256202133103708,7,26.85050926805185,Medium
49,2021-03-03 07:25:24.324324,11,28,Occupied,1,1,Electric Vehicle,3.8207794180752574,5,25.996497864607928,Medium
50,2021-03-04 14:04:41.081081,63,10,Vacant,0,0,Motorcycle,1.6080880613379434,2,19.838615529486912,Low
51,2021-03-05 20:43:57.837837,6,50,Occupied,1,0,Car,0.0438327161535652,2,19.56457636928425,Medium
52,2021-03-07 03:23:14.594594,12,40,Occupied,1,0,Car,35.144241697423496,2,29.39937274710504,Low
53,2021-03-08 10:02:31.351351,12,48,Vacant,0,0,Car,28.735010073638637,2,22.60378060179356,Medium
54,2021-03-09 16:41:48.108108,6,46,Occupied,1,0,Car,6.609711832043665,1,18.360967700617387,Low
55,2021-03-10 23:21:04.864864,11,31,Occupied,1,0,Car,53.08721962114954,3,12.86990941439774,Low
56,2021-03-12 06:00:21.621621,63,48,Occupied,1,0,Electric Vehicle,11.197981243497509,2,21.96936609082372,Low
57,2021-03-13 12:39:38.378378,63,5,Vacant,0,0,Car,0.713429925818546,6,24.146618862914316,Medium
58,2021-03-14 19:18:55.135135,11,10,Occupied,1,1,Car,1.252437718314043,6,16.841742377431782,Low
59,2021-03-16 01:58:11.891891,12,3,Occupied,1,0,Car,24.78258921414458,2,21.456013775690163,Low
60,2021-03-17 08:37:28.648648,12,17,Occupied,1,1,Car,9.94393370188446,5,18.182133525424856,Low
61,2021-03-18 15:16:45.405405,12,20,Occupied,1,0,Car,18.526797546892915,1,19.079838004004987,High
62,2021-03-19 21:56:02.162162,6,14,Occupied,1,0,Car,22.8542959010342,3,7.560889712188343,Medium
63,2021-03-21 04:35:18.918918,6,43,Vacant,0,0,Car,5.941021861979564,5,18.891092981419323,Low
64,2021-03-22 11:14:35.675675,11,19,Vacant,0,0,Car,0.4974286700221885,2,24.846846512040276,Medium
65,2021-03-23 17:53:52.432432,12,15,Occupied,1,1,Car,2.0860025569818177,2,16.84298722216721,Low
66,2021-03-25 00:33:09.189189,63,28,Vacant,0,0,Car,0.6889139160310378,0,20.26263184107658,Low
67,2021-03-26 07:12:25.945945,12,8,Vacant,0,1,Car,2.0916649418363,3,16.2202464665404,High
68,2021-03-27 13:51:42.702702,12,41,Vacant,0,0,Motorcycle,5.285364154516373,5,21.802208381463863,Low
69,2021-03-28 20:30:59.459459,12,4,Occupied,1,0,Car,1.2578638904849444,2,18.917384012319133,Low
70,2021-03-30 03:10:16.216216,12,50,Occupied,1,0,Car,1.8240145735233115,4,15.303792296589965,Low
71,2021-03-31 09:49:32.972972,63,40,Vacant,0,1,Car,5.902689509555464,1,26.66275733832564,Low
72,2021-04-01 16:28:49.729729,12,11,Occupied,1,0,Car,4.157744932521718,4,24.644660067661075,Low
73,2021-04-02 23:08:06.486486,12,1,Occupied,1,0,Motorcycle,6.304693723279992,3,16.975466180359128,Low
74,2021-04-04 05:47:23.243243,6,42,Vacant,0,0,Car,5.606673892526759,5,22.48894154708889,Low
75,2021-04-05 12:26:40.000000,12,37,Occupied,1,0,Motorcycle,10.341682200594605,5,22.687060014101903,Low
76,2021-04-06 19:05:56.756756,63,38,Occupied,1,1,Car,27.676338001798268,0,23.21150617505588,Low
77,2021-04-08 01:45:13.513513,12,40,Occupied,1,0,Car,1.1413707102025823,1,11.528720520024612,Low
78,2021-04-09 08:24:30.270270,6,4,Vacant,0,1,Motorcycle,1.0453879703794735,3,25.03303270516314,Low
79,2021-04-10 15:03:47.027027,12,19,Occupied,1,0,Car,19.160045891123488,3,17.15150518537134,Medium
80,2021-04-11 21:43:03.783783,12,6,Vacant,0,0,Car,7.0602313026344525,6,18.210860332793665,Low
81,2021-04-13 04:22:20.540540,12,45,Vacant,0,0,Motorcycle,14.54166533261194,0,33.189408761301,Medium
82,2021-04-14 11:01:37.297297,63,32,Occupied,1,0,Electric Vehicle,2.4260916250598084,4,21.50936690360506,Medium
83,2021-04-15 17:40:54.054054,6,17,Occupied,1,1,Car,17.652883795589943,5,18.06838762276412,Medium
84,2021-04-17 00:20:10.810810,63,4,Occupied,1,0,Car,25.750058696018357,1,8.97352813622047,Low
85,2021-04-18 06:59:27.567567,12,16,Vacant,0,0,Car,10.09182132038732,5,26.948820669731777,Low
86,2021-04-19 13:38:44.324324,63,17,Occupied,1,0,Car,1.1191419022767932,4,13.273951645956988,Low
87,2021-04-20 20:18:01.081081,63,38,Vacant,0,0,Car,22.566066318292684,2,14.98280548250248,Medium
88,2021-04-22 02:57:17.837837,12,33,Occupied,1,0,Motorcycle,15.725647958559172,7,18.343238504560755,Low
89,2021-04-23 09:36:34.594594,12,46,Occupied,1,1,Car,13.898116455769742,2,27.082058958501463,Medium
90,2021-04-24 16:15:51.351351,6,25,Occupied,1,0,Motorcycle,0.3741965249933094,2,23.8661999333288,Medium
91,2021-04-25 22:55:08.108108,6,7,Vacant,0,0,Car,16.042639467935132,2,19.2108124507987,Low
92,2021-04-27 05:34:24.864864,6,37,Occupied,1,0,Car,1.4844317753004566,2,21.541460318194105,Low
93,2021-04-28 12:13:41.621621,12,39,Occupied,1,0,Electric Vehicle,2.515252484693484,5,16.99807153564447,Medium
94,2021-04-29 18:52:58.378378,12,29,Vacant,0,1,Car,8.607019093063306,3,20.69826844782676,Low
95,2021-05-01 01:32:15.135135,12,40,Occupied,1,0,Car,3.078586208146911,0,20.366683723890684,Low
96,2021-05-02 08:11:31.891891,12,26,Occupied,1,1,Car,10.827828567515208,0,24.843849478406767,Medium
97,2021-05-03 14:50:48.648648,12,27,Vacant,0,0,Motorcycle,9.36673168860149,1,24.835890612194746,Low
98,2021-05-04 21:30:05.405405,11,22,Vacant,0,0,Car,1.144568712443529,5,22.469886911028222,High
99,2021-05-06 04:09:22.162162,63,2,Occupied,1,0,Car,10.671560050403524,5,18.18826221226949,Medium
100,2021-05-07 10:48:38.918918,11,6,Occupied,1,0,Car,25.76428822846555,1,23.70911147195063,Medium
101,2021-05-08 17:27:55.675675,63,2,Vacant,0,1,Car,1.7567557654949784,5,19.54015766898477,Low
102,2021-05-10 00:07:12.432432,63,33,Occupied,1,0,Motorcycle,9.089726270002938,3,14.590428156434337,Low
103,2021-05-11 06:46:29.189189,63,17,Vacant,0,0,Car,4.183457666650202,5,17.983561040445306,Low
104,2021-05-12 13:25:45.945945,12,26,Occupied,1,0,Car,6.154672715260925,5,20.422634918921624,Low
105,2021-05-13 20:05:02.702702,63,47,Occupied,1,0,Car,3.382741097305233,2,24.551078918323725,Low
106,2021-05-15 02:44:19.459459,6,13,Occupied,1,0,Motorcycle,4.371580190978984,4,19.082359139214237,Low
107,2021-05-16 09:23:36.216216,6,21,Occupied,1,1,Motorcycle,0.2933800458369539,1,13.954006443801967,Low
108,2021-05-17 16:02:52.972972,12,39,Vacant,0,0,Motorcycle,39.927851089876455,2,20.283708416484096,Low
109,2021-05-18 22:42:09.729729,12,12,Occupied,1,0,Car,9.802958541548552,4,20.567280200282763,Medium
110,2021-05-20 05:21:26.486486,11,4,Occupied,1,0,Car,6.945593582013555,5,20.92918814451377,Low
111,2021-05-21 12:00:43.243243,6,15,Vacant,0,0,Car,4.8404632721461525,1,24.59935757977215,Low
112,2021-05-22 18:40:00.000000,12,9,Occupied,1,1,Motorcycle,7.751700582621211,1,25.094616200449494,Medium
113,2021-05-24 01:19:16.756756,6,48,Vacant,0,0,Motorcycle,4.782067812299476,1,17.028945638091667,High
114,2021-05-25 07:58:33.513513,12,42,Vacant,0,1,Electric Vehicle,4.4614324968461485,1,16.919282709755283,Low
115,2021-05-26 14:37:50.270270,12,33,Vacant,0,0,Car,6.235213872913396,1,14.799006445222634,Low
116,2021-05-27 21:17:07.027027,63,45,Vacant,0,0,Car,3.229404527151825,2,23.494078351402383,Low
117,2021-05-29 03:56:23.783783,12,42,Occupied,1,0,Car,1.9851179419352585,2,27.244100541688574,High
118,2021-05-30 10:35:40.540540,63,10,Vacant,0,0,Motorcycle,8.132962840541504,5,18.424590360455383,Medium
119,2021-05-31 17:14:57.297297,63,46,Vacant,0,1,Car,18.50016551337873,2,18.792847176375037,Medium
120,2021-06-01 23:54:14.054054,12,28,Vacant,0,0,Motorcycle,1.6585174507560116,5,27.33391278449488,Low
121,2021-06-03 06:33:30.810810,11,42,Occupied,1,0,Car,0.3328209592720816,4,22.52778926607504,Low
122,2021-06-04 13:12:47.567567,11,46,Vacant,0,0,Car,2.834400759931017,6,22.18117852400528,Low
123,2021-06-05 19:52:04.324324,12,17,Vacant,0,1,Car,38.98151829254172,6,14.045417470131364,Medium
124,2021-06-07 02:31:21.081081,12,6,Vacant,0,0,Car,17.646779488977145,6,23.393640346397092,Medium
125,2021-06-08 09:10:37.837837,63,12,Occupied,1,1,Car,9.060089052999746,1,15.354318297451208,High
126,2021-06-09 15:49:54.594594,12,22,Occupied,1,0,Car,26.48587410323832,2,14.32989907032521,Low
127,2021-06-10 22:29:11.351351,63,42,Vacant,0,0,Car,5.892902049592319,5,18.26614211616644,Low
128,2021-06-12 05:08:28.108108,63,44,Occupied,1,0,Car,40.91185711160051,5,17.07103638275655,Low
129,2021-06-13 11:47:44.864864,12,1,Occupied,1,0,Motorcycle,3.5140605625129337,2,18.892001528074804,Medium
130,2021-06-14 18:27:01.621621,63,27,Vacant,0,1,Motorcycle,2.748392286415747,5,12.795091827375408,Medium
131,2021-06-16 01:06:18.378378,63,22,Occupied,1,0,Car,10.162442283617352,4,24.79408153233836,Low
132,2021-06-17 07:45:35.135135,6,12,Occupied,1,1,Car,4.750627537829578,3,25.638431472582145,Low
133,2021-06-18 14:24:51.891891,63,7,Occupied,1,0,Car,9.844773444829988,2,10.26328762929593,Low
134,2021-06-19 21:04:08.648648,63,18,Occupied,1,0,Electric Vehicle,3.638369849527921,2,24.89228902833275,Low
135,2021-06-21 03:43:25.405405,63,49,Occupied,1,0,Car,9.621207059324842,2,15.947356850891868,Medium
136,2021-06-22 10:22:42.162162,63,17,Occupied,1,0,Car,3.2261347919106864,2,24.28487768491393,Low
137,2021-06-23 17:01:58.918918,63,27,Occupied,1,1,Motorcycle,0.5231704858076585,3,19.65776753666792,Medium
138,2021-06-24 23:41:15.675675,6,36,Vacant,0,0,Car,24.319639982623464,6,20.14387782040499,Low
139,2021-06-26 06:20:32.432432,63,19,Vacant,0,0,Motorcycle,21.47336746167655,1,19.074511752893905,Medium
140,2021-06-27 12:59:49.189189,6,50,Occupied,1,0,Car,35.335231906435176,4,26.06064602116743,Low
141,2021-06-28 19:39:05.945945,63,50,Occupied,1,1,Car,12.606390200966583,1,13.802059937374858,Medium
142,2021-06-30 02:18:22.702702,12,13,Occupied,1,0,Car,11.479743261921463,2,23.039201693675043,Low
143,2021-07-01 08:57:39.459459,12,26,Vacant,0,1,Motorcycle,8.187173651804546,4,25.506650824447757,Low
144,2021-07-02 15:36:56.216216,12,16,Vacant,0,0,Motorcycle,1.3460902031675477,2,23.58170040270205,Low
145,2021-07-03 22:16:12.972972,12,15,Occupied,1,0,Car,2.0977741610409666,2,31.623494571617087,Low
146,2021-07-05 04:55:29.729729,11,2,Occupied,1,0,Car,3.417436703881038,6,17.355266186376504,Low
147,2021-07-06 11:34:46.486486,63,32,Vacant,0,0,Car,22.08697402387871,4,24.78652411296765,Low
148,2021-07-07 18:14:03.243243,12,26,Vacant,0,1,Electric Vehicle,1.899137340969932,1,19.469546823292895,High
149,2021-07-09 00:53:20.000000,6,3,Occupied,1,0,Car,25.623041275117853,1,26.167030381763347,Low
150,2021-07-10 07:32:36.756756,63,15,Vacant,0,1,Motorcycle,7.397896919953498,3,19.961555021393156,Medium
151,2021-07-11 14:11:53.513513,63,47,Vacant,0,0,Car,12.572668197799183,3,18.06062109068765,High
152,2021-07-12 20:51:10.270270,63,13,Vacant,0,0,Car,1.1680855812951192,3,26.530361019358143,Low
153,2021-07-14 03:30:27.027027,12,8,Occupied,1,0,Car,3.133877146438281,4,17.54219030490535,Medium
154,2021-07-15 10:09:43.783783,63,25,Vacant,0,0,Motorcycle,31.82510342216189,0,12.93637120549722,Low
155,2021-07-16 16:49:00.540540,63,50,Occupied,1,0,Motorcycle,3.0945055860733484,3,17.415765584130856,Low
156,2021-07-17 23:28:17.297297,12,13,Vacant,0,0,Car,3.51718277660755,3,23.095164732942663,Low
157,2021-07-19 06:07:34.054054,12,35,Occupied,1,0,Car,2.201447831685851,2,26.960193757935457,High
158,2021-07-20 12:46:50.810810,63,39,Occupied,1,0,Car,1.381978812595392,5,20.55564687648256,Low
159,2021-07-21 19:26:07.567567,63,13,Vacant,0,1,Car,2.656044420680836,2,26.590985336170128,Low
160,2021-07-23 02:05:24.324324,12,38,Occupied,1,0,Electric Vehicle,10.281358157244894,4,13.209125392612032,Low
161,2021-07-24 08:44:41.081081,11,19,Occupied,1,1,Car,6.07644452432139,3,17.783682675910484,Medium
162,2021-07-25 15:23:57.837837,12,33,Occupied,1,0,Motorcycle,8.068890246021583,1,18.55712441422949,Low
163,2021-07-26 22:03:14.594594,6,33,Occupied,1,0,Motorcycle,1.3052429421297775,1,19.4272028626374,Medium
164,2021-07-28 04:42:31.351351,63,28,Occupied,1,0,Motorcycle,16.200765382805756,3,20.420471941250984,Medium
165,2021-07-29 11:21:48.108108,63,5,Vacant,0,0,Electric Vehicle,15.329153960463032,1,23.45455478696096,Medium
166,2021-07-30 18:01:04.864864,12,43,Occupied,1,1,Car,0.2182638307472136,3,17.77596580914755,High
167,2021-08-01 00:40:21.621621,6,17,Occupied,1,0,Motorcycle,4.837214408791112,7,20.69514343476563,Medium
168,2021-08-02 07:19:38.378378,12,10,Occupied,1,1,Car,0.7124963245512116,2,19.77438554837974,Low
169,2021-08-03 13:58:55.135135,6,3,Occupied,1,0,Car,15.707258835183168,4,15.37055048054425,Low
170,2021-08-04 20:38:11.891891,11,31,Occupied,1,0,Motorcycle,13.366271840223831,2,19.431666554592823,Low
171,2021-08-06 03:17:28.648648,63,35,Occupied,1,0,Car,23.226663208859595,2,19.281702350514408,Low
172,2021-08-07 09:56:45.405405,63,1,Occupied,1,1,Motorcycle,2.6971637173423417,2,19.17459717498477,Low
173,2021-08-08 16:36:02.162162,63,27,Occupied,1,0,Motorcycle,6.09350082903437,1,20.15879728290725,Low
174,2021-08-09 23:15:18.918918,63,12,Vacant,0,0,Motorcycle,2.039389915066025,2,20.37836770306693,Low
175,2021-08-11 05:54:35.675675,63,33,Vacant,0,0,Car,4.63997596780291,4,17.83852410446335,High
176,2021-08-12 12:33:52.432432,6,9,Occupied,1,0,Car,7.386535705128187,2,26.36357366985632,Low
177,2021-08-13 19:13:09.189189,63,36,Occupied,1,1,Car,0.5480554970838151,2,14.152596853984916,High
178,2021-08-15 01:52:25.945945,63,20,Vacant,0,0,Motorcycle,12.548115026803268,0,16.39514945765052,Low
179,2021-08-16 08:31:42.702702,63,48,Occupied,1,1,Car,7.837140206246392,1,33.899818121117775,Medium
180,2021-08-17 15:10:59.459459,11,8,Vacant,0,0,Car,17.658520857599907,3,14.81004322505385,Medium
181,2021-08-18 21:50:16.216216,12,18,Occupied,1,0,Car,3.171527668775105,4,13.231226626451209,Low
182,2021-08-20 04:29:32.972972,11,6,Occupied,1,0,Car,23.36360155455216,3,23.67238372500609,Low
183,2021-08-21 11:08:49.729729,11,48,Vacant,0,0,Car,66.40980011495549,4,9.61440073113063,Low
184,2021-08-22 17:48:06.486486,12,45,Vacant,0,1,Car,25.16997352935276,3,18.82363045013781,Low
185,2021-08-24 00:27:23.243243,63,14,Occupied,1,0,Car,15.045936712722137,7,30.729124625382443,High
186,2021-08-25 07:06:40.000000,63,34,Occupied,1,1,Motorcycle,16.732769602536777,1,12.275320389233,Medium
187,2021-08-26 13:45:56.756756,63,42,Occupied,1,0,Car,8.527157432488556,3,10.090177571306434,Low
188,2021-08-27 20:25:13.513513,6,29,Vacant,0,0,Car,2.1091100357233854,0,12.504093990211508,Low
189,2021-08-29 03:04:30.270270,63,28,Vacant,0,0,Car,11.302289239027852,3,24.49179784173493,Low
190,2021-08-30 09:43:47.027027,63,13,Occupied,1,1,Motorcycle,12.474128133433291,4,25.623883599929066,Low
191,2021-08-31 16:23:03.783783,12,5,Occupied,1,0,Car,42.25716477995309,2,17.437056015107455,Medium
192,2021-09-01 23:02:20.540540,12,46,Occupied,1,0,Car,7.793617469194737,1,23.416062020005345,Low
193,2021-09-03 05:41:37.297297,12,46,Occupied,1,0,Car,3.1658786858264283,3,26.95127663755995,Low
194,2021-09-04 12:20:54.054054,63,33,Occupied,1,0,Car,11.509772783986763,5,28.936732072149127,Low
195,2021-09-05 19:00:10.810810,6,18,Vacant,0,1,Car,38.81291088954962,6,18.76832359410076,Low
196,2021-09-07 01:39:27.567567,12,18,Occupied,1,0,Car,1.9505902493041944,4,8.492641411650066,Medium
197,2021-09-08 08:18:44.324324,63,38,Occupied,1,1,Motorcycle,3.945220798484898,0,15.895605387951566,Low
198,2021-09-09 14:58:01.081081,6,46,Vacant,0,0,Car,7.806262023824083,4,17.86597902532371,High
199,2021-09-10 21:37:17.837837,11,46,Occupied,1,0,Car,1.8658820787664672,2,18.705306017108047,Medium
200,2021-09-12 04:16:34.594594,63,40,Occupied,1,0,Car,0.2247123718057833,2,19.0607029949564,Low
201,2021-09-13 10:55:51.351351,63,33,Occupied,1,0,Car,4.109548327722436,2,25.594472989653347,Low
202,2021-09-14 17:35:08.108108,12,5,Occupied,1,1,Electric Vehicle,20.052309573702097,3,26.372142133437908,Medium
203,2021-09-16 00:14:24.864864,63,9,Vacant,0,0,Car,0.4444145282604493,3,19.141631730376083,High
204,2021-09-17 06:53:41.621621,6,46,Vacant,0,0,Motorcycle,5.602418371429444,4,25.49242438025909,Medium
205,2021-09-18 13:32:58.378378,63,31,Occupied,1,0,Motorcycle,14.363285450506808,1,21.788306833155445,Low
206,2021-09-19 20:12:15.135135,6,1,Occupied,1,0,Car,30.61500284303137,1,20.32252986431286,High
207,2021-09-21 02:51:31.891891,12,6,Occupied,1,0,Electric Vehicle,42.3191144680614,2,24.53272078554982,Low
208,2021-09-22 09:30:48.648648,12,34,Occupied,1,1,Car,5.481284369875104,3,20.36126024118958,Medium
209,2021-09-23 16:10:05.405405,63,1,Occupied,1,0,Car,30.034478497905795,3,30.28905588548881,High
210,2021-09-24 22:49:22.162162,63,9,Occupied,1,0,Car,0.3606144112485674,5,12.807944166027204,Low
211,2021-09-26 05:28:38.918918,63,28,Occupied,1,0,Car,13.700940496678824,3,17.42414550453991,High
212,2021-09-27 12:07:55.675675,63,36,Occupied,1,0,Car,10.293083625377864,0,19.36740551523025,Low
213,2021-09-28 18:47:12.432432,63,34,Vacant,0,1,Car,2.870447523649149,5,22.197263452289956,High
214,2021-09-30 01:26:29.189189,6,12,Vacant,0,0,Car,7.078923597204357,1,26.339802435515445,Low
215,2021-10-01 08:05:45.945945,63,37,Vacant,0,1,Car,1.3874925374199818,2,19.878007163819216,High
216,2021-10-02 14:45:02.702702,6,13,Occupied,1,0,Car,20.52582699121674,5,12.888851752468964,Low
217,2021-10-03 21:24:19.459459,12,17,Vacant,0,0,Car,4.430082426348706,4,24.212569482275025,Medium
218,2021-10-05 04:03:36.216216,6,39,Vacant,0,0,Car,9.836183936259106,1,23.77479383070982,Low
219,2021-10-06 10:42:52.972972,11,34,Vacant,0,0,Car,1.7289764521244253,4,10.29070670310297,Low
220,2021-10-07 17:22:09.729729,63,44,Occupied,1,1,Car,2.3087945217519112,10,19.980979331646004,Low
221,2021-10-09 00:01:26.486486,6,34,Vacant,0,0,Car,48.2287490499549,3,12.04929084659851,Medium
222,2021-10-10 06:40:43.243243,12,29,Occupied,1,0,Car,13.987167786058368,3,16.676744512489687,Low
223,2021-10-11 13:20:00.000000,6,5,Vacant,0,0,Car,32.694291240163764,7,15.485955365186,Low
224,2021-10-12 19:59:16.756756,12,19,Occupied,1,1,Car,3.507655321176108,4,24.04632349120993,Low
225,2021-10-14 02:38:33.513513,12,14,Vacant,0,0,Electric Vehicle,1.7980019005604744,2,20.58415087086092,High
226,2021-10-15 09:17:50.270270,63,13,Vacant,0,1,Car,6.993030158529232,5,13.572044996219862,Low
227,2021-10-16 15:57:07.027027,63,50,Occupied,1,0,Car,6.825401984728491,3,24.400329814786712,Low
228,2021-10-17 22:36:23.783783,12,21,Occupied,1,0,Car,1.923070629404474,2,12.830970880357928,Low
229,2021-10-19 05:15:40.540540,11,46,Occupied,1,0,Car,13.213293168865173,5,21.65056895235472,Low
230,2021-10-20 11:54:57.297297,6,33,Occupied,1,0,Car,4.490683643140122,3,15.92994665354222,Low
231,2021-10-21 18:34:14.054054,63,41,Occupied,1,1,Car,2.0624370031639736,5,18.1716145873474,Low
232,2021-10-23 01:13:30.810810,6,26,Occupied,1,0,Car,4.034422472863268,4,22.52135374019192,Medium
233,2021-10-24 07:52:47.567567,6,30,Vacant,0,1,Car,8.293305428581837,2,22.607246995297643,Medium
234,2021-10-25 14:32:04.324324,63,26,Occupied,1,0,Motorcycle,12.963473818916205,3,26.6848453677798,Low
235,2021-10-26 21:11:21.081081,63,10,Vacant,0,0,Car,6.575694142284581,2,19.588731501642734,Low
236,2021-10-28 03:50:37.837837,63,37,Vacant,0,0,Car,7.456938702843501,4,21.532254314816704,Medium
237,2021-10-29 10:29:54.594594,6,15,Vacant,0,0,Motorcycle,1.4959798435705092,3,17.811313387978377,Low
238,2021-10-30 17:09:11.351351,6,2,Vacant,0,1,Car,24.614744375087703,2,20.90994941311399,Medium
239,2021-10-31 23:48:28.108108,63,33,Occupied,1,0,Motorcycle,26.411983919428764,3,22.19743024004256,Low
240,2021-11-02 06:27:44.864864,63,10,Vacant,0,0,Car,11.502001224849934,2,19.50845076272812,Low
241,2021-11-03 13:07:01.621621,6,48,Occupied,1,0,Car,0.1778869373515978,3,10.981247579537518,Low
242,2021-11-04 19:46:18.378378,11,49,Vacant,0,1,Car,7.701885312719856,2,21.65735448165448,Medium
243,2021-11-06 02:25:35.135135,6,47,Vacant,0,0,Electric Vehicle,9.92143611886948,3,21.822807386777285,Low
244,2021-11-07 09:04:51.891891,12,19,Vacant,0,1,Car,52.31448367729952,4,16.599132618260246,Low
245,2021-11-08 15:44:08.648648,63,1,Occupied,1,0,Electric Vehicle,55.38341393478569,2,13.57806481963743,Low
246,2021-11-09 22:23:25.405405,12,48,Occupied,1,0,Car,19.49194182875139,0,27.379395752519827,Medium
247,2021-11-11 05:02:42.162162,63,22,Vacant,0,0,Car,0.6595925472961044,0,22.45722755447201,High
248,2021-11-12 11:41:58.918918,6,50,Vacant,0,0,Electric Vehicle,30.63505691278365,1,18.854594845391453,Low
249,2021-11-13 18:21:15.675675,63,50,Occupied,1,1,Car,9.484556384739667,2,14.314835584262564,Low
250,2021-11-15 01:00:32.432432,6,44,Vacant,0,0,Electric Vehicle,16.138816235055998,1,15.89092585789327,High
251,2021-11-16 07:39:49.189189,63,16,Occupied,1,1,Car,5.228861431395591,1,26.51295198393116,Low
252,2021-11-17 14:19:05.945945,6,20,Vacant,0,0,Electric Vehicle,3.851765271927349,4,20.68830970434023,Low
253,2021-11-18 20:58:22.702702,63,44,Vacant,0,0,Car,6.222119349400353,0,17.24706466499647,Low
254,2021-11-20 03:37:39.459459,12,17,Occupied,1,0,Car,1.5884862972994471,3,22.54844615612328,Medium
255,2021-11-21 10:16:56.216216,12,9,Occupied,1,0,Motorcycle,4.417134196823773,3,15.928009062768382,Low
256,2021-11-22 16:56:12.972972,63,29,Vacant,0,0,Car,19.49238179187227,1,27.50421515140189,Medium
257,2021-11-23 23:35:29.729729,11,48,Occupied,1,0,Car,0.3868936005766084,2,26.764002674483628,Low
258,2021-11-25 06:14:46.486486,12,36,Occupied,1,0,Car,1.6355245967037169,2,17.667129643986115,Low
259,2021-11-26 12:54:03.243243,12,30,Vacant,0,0,Car,1.3366415532222589,0,16.856648764845698,Medium
260,2021-11-27 19:33:20.000000,6,5,Vacant,0,1,Electric Vehicle,5.159647107823519,3,6.9093340065386,Low
261,2021-11-29 02:12:36.756756,6,32,Occupied,1,0,Car,58.0478612553551,3,12.59209614224316,Low
262,2021-11-30 08:51:53.513513,12,50,Occupied,1,1,Car,1.903834832218494,3,13.30265112521122,Medium
263,2021-12-01 15:31:10.270270,11,8,Occupied,1,0,Car,1.572184718921503,3,20.675951704936928,Medium
264,2021-12-02 22:10:27.027027,63,27,Vacant,0,0,Motorcycle,24.65759881945967,1,18.3688314777932,Medium
265,2021-12-04 04:49:43.783783,63,45,Occupied,1,0,Car,21.37498856062736,3,13.273322562923791,High
266,2021-12-05 11:29:00.540540,12,38,Vacant,0,0,Car,0.3277153865325358,4,18.594179787677213,Medium
267,2021-12-06 18:08:17.297297,63,36,Vacant,0,1,Car,13.931415907001952,2,22.526685738236743,Low
268,2021-12-08 00:47:34.054054,12,36,Occupied,1,0,Car,10.655616331835818,2,22.63919674957793,Low
269,2021-12-09 07:26:50.810810,63,19,Occupied,1,1,Motorcycle,14.599013320073777,7,10.501648595705596,Medium
270,2021-12-10 14:06:07.567567,12,15,Vacant,0,0,Car,6.822120967073333,1,19.358682597580845,Low
271,2021-12-11 20:45:24.324324,6,42,Occupied,1,0,Car,47.53579531165468,10,13.083296115141948,Medium
272,2021-12-13 03:24:41.081081,12,42,Vacant,0,0,Car,0.4483735646406634,1,24.50864348570137,Medium
273,2021-12-14 10:03:57.837837,11,45,Vacant,0,0,Motorcycle,2.670583266843636,0,23.920732081767493,Low
274,2021-12-15 16:43:14.594594,6,47,Vacant,0,0,Car,5.0508544180133335,3,15.509863868377709,High
275,2021-12-16 23:22:31.351351,63,27,Occupied,1,0,Car,5.974333396299237,3,16.169773987998,Low
276,2021-12-18 06:01:48.108108,63,26,Occupied,1,0,Car,25.429689415964745,3,17.693664747508464,Low
277,2021-12-19 12:41:04.864864,63,41,Vacant,0,0,Motorcycle,8.20990470476424,3,8.736033026343303,High
278,2021-12-20 19:20:21.621621,6,34,Vacant,0,1,Car,0.4616017093193916,4,21.679840867202884,Low
279,2021-12-22 01:59:38.378378,63,36,Occupied,1,0,Car,5.240171901857593,1,18.635777268299343,Low
280,2021-12-23 08:38:55.135135,63,41,Occupied,1,1,Car,5.386943961464217,3,24.850875412839294,Low
281,2021-12-24 15:18:11.891891,11,46,Occupied,1,0,Car,33.665333354550874,5,14.507953910187236,Medium
282,2021-12-25 21:57:28.648648,12,18,Vacant,0,0,Electric Vehicle,9.14285471306454,2,16.90438525875034,Medium
283,2021-12-27 04:36:45.405405,63,20,Occupied,1,0,Car,10.096432747876612,3,12.467373709804423,Medium
284,2021-12-28 11:16:02.162162,63,5,Vacant,0,0,Electric Vehicle,12.491550940878888,2,14.978547182528734,Medium
285,2021-12-29 17:55:18.918918,6,30,Vacant,0,1,Car,14.698469224188258,1,14.090090019658906,Low
286,2021-12-31 00:34:35.675675,6,2,Vacant,0,0,Car,10.079978535521173,2,24.979868394232227,Medium
287,2022-01-01 07:13:52.432432,63,24,Vacant,0,1,Car,2.7075199984797,5,16.508690756243038,Medium
288,2022-01-02 13:53:09.189189,12,28,Vacant,0,0,Electric Vehicle,20.718378379733515,3,20.620878423723067,Low
289,2022-01-03 20:32:25.945945,6,15,Occupied,1,0,Car,13.172154148704973,1,18.096182980690976,Low
290,2022-01-05 03:11:42.702702,6,31,Occupied,1,0,Motorcycle,13.542938242700004,1,13.652673669935936,High
291,2022-01-06 09:50:59.459459,6,2,Vacant,0,1,Car,56.71336359692141,5,19.158497884141788,Medium
292,2022-01-07 16:30:16.216216,12,2,Occupied,1,0,Car,16.221510574055408,2,22.99551665931797,Medium
293,2022-01-08 23:09:32.972972,11,42,Occupied,1,0,Motorcycle,17.669775132444546,3,13.96120303728324,Medium
294,2022-01-10 05:48:49.729729,63,19,Occupied,1,0,Electric Vehicle,30.242452464949597,5,24.04556395365689,Low
295,2022-01-11 12:28:06.486486,63,7,Occupied,1,0,Car,1.6385393769408387,0,15.75139539261152,Medium
296,2022-01-12 19:07:23.243243,6,27,Vacant,0,1,Car,6.886122319572444,5,17.585080369635797,Low
297,2022-01-14 01:46:40.000000,12,40,Vacant,0,0,Car,8.688515360201528,3,22.65341561505024,Low
298,2022-01-15 08:25:56.756756,6,12,Occupied,1,1,Car,3.993971492976371,1,16.68281921390256,Medium
299,2022-01-16 15:05:13.513513,63,32,Vacant,0,0,Car,18.288592989471724,2,20.18787429667933,Low
300,2022-01-17 21:44:30.270270,6,5,Occupied,1,0,Car,14.372492775878058,3,18.426545856059537,Medium
301,2022-01-19 04:23:47.027027,63,3,Vacant,0,0,Car,12.761244971690278,4,20.64684003351909,Low
302,2022-01-20 11:03:03.783783,12,28,Occupied,1,0,Car,58.60239727938311,4,8.096304472382513,Low
303,2022-01-21 17:42:20.540540,63,28,Vacant,0,1,Electric Vehicle,3.0026946014159623,3,10.851590923959586,Low
304,2022-01-23 00:21:37.297297,12,33,Occupied,1,0,Car,13.297524213681983,2,23.07983503023419,Low
305,2022-01-24 07:00:54.054054,6,38,Occupied,1,1,Car,8.01633632215289,1,25.185907028245254,Low
306,2022-01-25 13:40:10.810810,63,50,Vacant,0,0,Electric Vehicle,3.75405240877752,6,15.447566482342394,Low
307,2022-01-26 20:19:27.567567,63,27,Occupied,1,0,Car,1.7505228694112165,5,18.77985823914433,High
308,2022-01-28 02:58:44.324324,12,17,Vacant,0,0,Car,22.62248051893146,0,21.473596264511507,Low
309,2022-01-29 09:38:01.081081,6,41,Vacant,0,1,Car,9.049934934288151,1,23.46608800829352,Low
310,2022-01-30 16:17:17.837837,63,14,Occupied,1,0,Car,17.425913058852824,3,9.861613641645755,Low
311,2022-01-31 22:56:34.594594,63,23,Vacant,0,0,Motorcycle,7.882163542119848,5,15.569798765108114,Medium
312,2022-02-02 05:35:51.351351,63,5,Occupied,1,0,Car,2.484319759532964,1,18.337103100750625,Low
313,2022-02-03 12:15:08.108108,11,2,Occupied,1,0,Car,4.118084039877098,3,23.51570098618025,Medium
314,2022-02-04 18:54:24.864864,63,50,Vacant,0,1,Car,4.805208902106655,5,32.492152418607475,Medium
315,2022-02-06 01:33:41.621621,63,43,Occupied,1,0,Electric Vehicle,36.09506971127496,1,18.85997136595141,Low
316,2022-02-07 08:12:58.378378,6,36,Vacant,0,1,Car,0.0564920513543314,3,12.965112689480057,Low
317,2022-02-08 14:52:15.135135,12,21,Occupied,1,0,Car,42.451225476979424,2,22.01134038600649,High
318,2022-02-09 21:31:31.891891,63,9,Vacant,0,0,Car,39.35375316003507,5,26.60497894770355,Medium
319,2022-02-11 04:10:48.648648,11,8,Occupied,1,0,Car,55.59887484269049,4,20.540070604897505,Medium
320,2022-02-12 10:50:05.405405,12,13,Occupied,1,0,Car,6.473867039665716,1,15.466757274228536,Low
321,2022-02-13 17:29:22.162162,12,29,Vacant,0,1,Car,33.18943970438469,6,24.789969707400097,Low
322,2022-02-15 00:08:38.918918,63,37,Occupied,1,0,Car,5.035176949276642,2,23.31772809249217,Low
323,2022-02-16 06:47:55.675675,6,34,Vacant,0,0,Car,0.2664632152249289,2,14.869595779021878,Low
324,2022-02-17 13:27:12.432432,63,15,Occupied,1,0,Car,2.5405026403270408,4,21.90712808767171,Low
325,2022-02-18 20:06:29.189189,63,49,Occupied,1,0,Car,29.058229235993217,1,24.986327838294365,Medium
326,2022-02-20 02:45:45.945945,63,38,Vacant,0,0,Motorcycle,0.1386030511848203,3,25.909450212794468,Low
327,2022-02-21 09:25:02.702702,6,29,Occupied,1,1,Car,7.896451634536806,3,19.66775512345272,Medium
328,2022-02-22 16:04:19.459459,12,32,Occupied,1,0,Car,0.7861211942228847,3,18.209602769103405,Medium
329,2022-02-23 22:43:36.216216,12,22,Vacant,0,0,Car,3.374279029234301,3,26.136369110406317,Low
330,2022-02-25 05:22:52.972972,63,13,Vacant,0,0,Car,0.922171040818984,4,13.949197485095574,Medium
331,2022-02-26 12:02:09.729729,12,19,Occupied,1,0,Car,19.62751519949556,4,22.192896454605027,Low
332,2022-02-27 18:41:26.486486,6,39,Occupied,1,1,Motorcycle,8.94213022109755,3,13.149866863177854,Medium
333,2022-03-01 01:20:43.243243,63,1,Vacant,0,0,Car,23.238747757361075,3,25.32688136129801,Low
334,2022-03-02 08:00:00.000000,6,6,Vacant,0,1,Electric Vehicle,11.65884782233462,4,18.709772421944194,Low
335,2022-03-03 14:39:16.756756,63,3,Vacant,0,0,Electric Vehicle,35.41464479562825,3,26.342916178237346,Medium
336,2022-03-04 21:18:33.513513,6,3,Vacant,0,0,Car,7.1310023488093215,2,22.457063781777634,Low
337,2022-03-06 03:57:50.270270,63,44,Occupied,1,0,Motorcycle,10.180759292809007,3,13.88389884969035,High
338,2022-03-07 10:37:07.027027,12,36,Vacant,0,0,Car,8.587504379199725,3,27.123138660386218,Low
339,2022-03-08 17:16:23.783783,11,25,Vacant,0,1,Car,6.6215334913851365,2,27.756226332138645,Low
340,2022-03-09 23:55:40.540540,11,5,Occupied,1,0,Car,18.70538850484142,3,24.41143246299608,Low
341,2022-03-11 06:34:57.297297,63,26,Occupied,1,0,Car,10.343007373591297,3,16.1920606748189,Low
342,2022-03-12 13:14:14.054054,12,25,Occupied,1,0,Electric Vehicle,16.160208568225315,4,18.46993022821296,Low
343,2022-03-13 19:53:30.810810,63,9,Vacant,0,1,Motorcycle,15.434813500162884,7,20.7271360870288,Medium
344,2022-03-15 02:32:47.567567,6,23,Occupied,1,0,Motorcycle,2.120121862942753,3,16.481448003342834,Medium
345,2022-03-16 09:12:04.324324,12,21,Occupied,1,1,Car,10.502894694520164,4,28.461732862316023,Medium
346,2022-03-17 15:51:21.081081,63,32,Occupied,1,0,Car,2.227036720519473,3,20.721632358630185,High
347,2022-03-18 22:30:37.837837,63,33,Occupied,1,0,Car,8.754378856148698,4,6.483259764463213,Low
348,2022-03-20 05:09:54.594594,11,3,Occupied,1,0,Car,11.31449634403828,4,21.6967790637811,Medium
349,2022-03-21 11:49:11.351351,12,20,Vacant,0,0,Car,58.90740534971159,2,18.259213015913435,Low
350,2022-03-22 18:28:28.108108,63,32,Occupied,1,1,Car,0.3101810399882772,3,19.62536721940776,Medium
351,2022-03-24 01:07:44.864864,63,26,Vacant,0,0,Car,0.956768805559209,3,18.1569031710715,Low
352,2022-03-25 07:47:01.621621,63,44,Vacant,0,1,Car,0.8015496837670083,1,24.035232083033435,High
353,2022-03-26 14:26:18.378378,12,34,Vacant,0,0,Car,5.080981571316231,1,25.598438892766907,Medium
354,2022-03-27 21:05:35.135135,11,9,Vacant,0,0,Car,17.236618226559347,2,21.415265811293267,High
355,2022-03-29 03:44:51.891891,6,4,Occupied,1,0,Motorcycle,18.58260444557497,2,18.303444064309204,Medium
356,2022-03-30 10:24:08.648648,12,33,Occupied,1,0,Car,13.35523667004454,4,19.79331397595415,High
357,2022-03-31 17:03:25.405405,6,2,Occupied,1,1,Car,22.71844870748176,2,20.097998082888143,Medium
358,2022-04-01 23:42:42.162162,12,30,Vacant,0,0,Motorcycle,3.898771503159925,2,15.987849800675816,Low
359,2022-04-03 06:21:58.918918,63,48,Occupied,1,0,Electric Vehicle,0.9228486935187388,3,22.894643242856173,Low
360,2022-04-04 13:01:15.675675,11,30,Occupied,1,0,Motorcycle,0.5991246769760222,2,22.30021161930233,Low
361,2022-04-05 19:40:32.432432,63,20,Vacant,0,1,Car,19.114401617276407,1,27.702206198883367,Low
362,2022-04-07 02:19:49.189189,63,33,Vacant,0,0,Car,13.109505319801034,3,26.27674890144237,Low
363,2022-04-08 08:59:05.945945,11,24,Vacant,0,1,Electric Vehicle,11.993677771287498,2,16.57162541204935,Low
364,2022-04-09 15:38:22.702702,63,28,Vacant,0,0,Motorcycle,4.1502516802363125,2,24.101491872544823,Low
365,2022-04-10 22:17:39.459459,6,49,Occupied,1,0,Car,4.778828910508072,2,15.24523308452764,High
366,2022-04-12 04:56:56.216216,11,20,Vacant,0,0,Car,31.727923896180474,5,23.47966050470425,High
367,2022-04-13 11:36:12.972972,12,50,Occupied,1,0,Car,0.6593121752692863,2,17.41692900619946,Low
368,2022-04-14 18:15:29.729729,63,47,Vacant,0,1,Car,14.860339789429046,2,14.883733883122078,Low
369,2022-04-16 00:54:46.486486,63,10,Occupied,1,0,Car,3.705324076263616,3,21.400226713487022,Low
370,2022-04-17 07:34:03.243243,63,4,Occupied,1,1,Car,0.3983770660365829,3,6.627164359229296,Low
371,2022-04-18 14:13:20.000000,12,6,Vacant,0,0,Electric Vehicle,13.570078706798244,4,11.24512212797386,Medium
372,2022-04-19 20:52:36.756756,6,1,Occupied,1,0,Car,4.018395170312712,3,19.112540581128584,Low
373,2022-04-21 03:31:53.513513,12,5,Vacant,0,0,Motorcycle,12.806649490920016,4,20.41220883317421,Low
374,2022-04-22 10:11:10.270270,12,35,Vacant,0,0,Car,12.298185571806314,3,18.15340614920905,Medium
375,2022-04-23 16:50:27.027027,12,4,Vacant,0,0,Car,7.652596459950903,1,12.102818506412008,Medium
376,2022-04-24 23:29:43.783783,12,17,Occupied,1,0,Car,15.022581340861088,3,15.910540789307472,Low
377,2022-04-26 06:09:00.540540,6,44,Occupied,1,0,Motorcycle,8.699758290457412,3,21.95604663618697,Medium
378,2022-04-27 12:48:17.297297,63,2,Vacant,0,0,Car,3.377646654352076,1,22.908908853141813,Low
379,2022-04-28 19:27:34.054054,6,42,Vacant,0,1,Car,13.2469252682072,3,19.918884412020294,Low
380,2022-04-30 02:06:50.810810,12,15,Occupied,1,0,Motorcycle,8.895023069791478,2,25.784168905184945,Low
381,2022-05-01 08:46:07.567567,63,7,Occupied,1,1,Car,0.128089673707696,0,21.98698511729617,Low
382,2022-05-02 15:25:24.324324,63,36,Occupied,1,0,Electric Vehicle,23.1916353681751,0,16.262721730208938,Low
383,2022-05-03 22:04:41.081081,63,33,Vacant,0,0,Electric Vehicle,7.888734072132486,2,18.597489732941916,Low
384,2022-05-05 04:43:57.837837,12,45,Occupied,1,0,Electric Vehicle,20.297166943069275,4,12.985669213960726,Medium
385,2022-05-06 11:23:14.594594,63,38,Occupied,1,0,Car,21.4333463046884,2,19.45930504804292,Medium
386,2022-05-07 18:02:31.351351,11,41,Vacant,0,1,Car,5.887270890855151,4,25.560503096106693,Low
387,2022-05-09 00:41:48.108108,12,15,Occupied,1,0,Electric Vehicle,7.085857370411725,1,23.42645042355484,Low
388,2022-05-10 07:21:04.864864,11,10,Vacant,0,1,Car,5.374338155196567,3,27.01004662959561,Medium
389,2022-05-11 14:00:21.621621,63,39,Occupied,1,0,Car,5.968134798374444,3,18.485573781005037,Low
390,2022-05-12 20:39:38.378378,63,42,Occupied,1,0,Motorcycle,22.55197425880441,0,26.73049897257129,High
391,2022-05-14 03:18:55.135135,63,50,Occupied,1,0,Car,15.518485463158942,1,19.033478867760152,Medium
392,2022-05-15 09:58:11.891891,63,22,Occupied,1,1,Motorcycle,1.352765445917234,4,27.357925412849468,Low
393,2022-05-16 16:37:28.648648,6,19,Occupied,1,0,Motorcycle,9.423980348637706,3,19.890716262789383,Low
394,2022-05-17 23:16:45.405405,63,40,Occupied,1,0,Motorcycle,54.983892246771646,1,23.536156869021383,Low
395,2022-05-19 05:56:02.162162,12,18,Occupied,1,0,Car,9.052288933124483,1,27.37556182154928,Low
396,2022-05-20 12:35:18.918918,63,48,Vacant,0,0,Car,15.411795634105626,4,19.032861857093973,Low
397,2022-05-21 19:14:35.675675,12,44,Occupied,1,1,Car,14.656037224093712,3,21.09194493772087,Medium
398,2022-05-23 01:53:52.432432,6,22,Vacant,0,0,Car,4.312715367901506,6,26.44431712603151,Low
399,2022-05-24 08:33:09.189189,12,39,Vacant,0,1,Car,4.649751774534581,5,19.33498418034968,Low
400,2022-05-25 15:12:25.945945,6,39,Occupied,1,0,Car,12.87631342151191,3,13.395538587469192,Low
401,2022-05-26 21:51:42.702702,63,6,Occupied,1,0,Car,6.931142443120198,3,30.71503527292455,Low
402,2022-05-28 04:30:59.459459,11,47,Occupied,1,0,Car,8.452981823808628,2,17.651177678314316,Low
403,2022-05-29 11:10:16.216216,6,26,Occupied,1,0,Motorcycle,12.47944860518406,2,20.793780254687714,Low
404,2022-05-30 17:49:32.972972,12,43,Occupied,1,1,Car,15.031654344161115,1,25.780033347255635,Low
405,2022-06-01 00:28:49.729729,12,17,Occupied,1,0,Car,3.1679040958805187,0,16.95753048134399,Medium
406,2022-06-02 07:08:06.486486,11,46,Vacant,0,1,Car,1.587539781090221,6,14.960660433889348,Low
407,2022-06-03 13:47:23.243243,12,20,Occupied,1,0,Motorcycle,3.4502118034352858,1,21.268686483874166,Medium
408,2022-06-04 20:26:40.000000,6,1,Occupied,1,0,Car,7.083386388437667,4,11.034618010438052,Low
409,2022-06-06 03:05:56.756756,12,47,Occupied,1,0,Car,4.187651386513849,4,18.5604696156604,Low
410,2022-06-07 09:45:13.513513,63,5,Vacant,0,1,Car,8.401697630546018,1,21.22519332157703,Low
411,2022-06-08 16:24:30.270270,6,17,Occupied,1,0,Car,0.5494809570331891,5,18.65024051587418,Medium
412,2022-06-09 23:03:47.027027,12,49,Vacant,0,0,Electric Vehicle,7.12840653505763,2,12.282745284071265,Low
413,2022-06-11 05:43:03.783783,12,49,Occupied,1,0,Electric Vehicle,4.58842003692759,4,27.970889781020063,Low
414,2022-06-12 12:22:20.540540,12,30,Vacant,0,0,Car,7.650014739258317,1,20.51769076974588,Low
415,2022-06-13 19:01:37.297297,63,33,Occupied,1,1,Motorcycle,5.491045956307932,3,27.155760588808704,Low
416,2022-06-15 01:40:54.054054,6,23,Vacant,0,0,Motorcycle,3.343905956325292,8,18.699818749097776,Low
417,2022-06-16 08:20:10.810810,11,15,Vacant,0,1,Electric Vehicle,23.445317348768366,4,15.59994009154618,Medium
418,2022-06-17 14:59:27.567567,6,17,Occupied,1,0,Car,2.042788495431779,0,21.3459046012758,Low
419,2022-06-18 21:38:44.324324,63,35,Occupied,1,0,Car,11.43710838317828,4,18.921064368358905,Medium
420,2022-06-20 04:18:01.081081,12,39,Occupied,1,0,Car,25.85541184937081,6,14.111192710043207,Low
421,2022-06-21 10:57:17.837837,6,41,Vacant,0,0,Car,7.736415695445668,2,27.34892129393748,Medium
422,2022-06-22 17:36:34.594594,12,41,Vacant,0,1,Car,20.90773414144501,4,16.88864888553002,Medium
423,2022-06-24 00:15:51.351351,12,5,Occupied,1,0,Motorcycle,1.3336166809515615,1,10.798668076022157,Low
424,2022-06-25 06:55:08.108108,11,26,Occupied,1,0,Motorcycle,6.808012467165674,1,26.64083026978666,Medium
425,2022-06-26 13:34:24.864864,12,3,Occupied,1,0,Motorcycle,6.106925171871519,2,17.478509920936883,Medium
426,2022-06-27 20:13:41.621621,12,29,Vacant,0,0,Car,0.0815194402794444,2,16.960880536921877,Low
427,2022-06-29 02:52:58.378378,63,23,Vacant,0,0,Car,5.856521590282916,4,11.17306206485013,Low
428,2022-06-30 09:32:15.135135,63,46,Occupied,1,1,Car,4.604965750530289,3,28.704707432984957,Medium
429,2022-07-01 16:11:31.891891,63,18,Occupied,1,0,Car,11.080528946101804,1,13.552597063951564,Low
430,2022-07-02 22:50:48.648648,11,6,Occupied,1,0,Electric Vehicle,27.859540995282096,5,20.29224740352825,Low
431,2022-07-04 05:30:05.405405,12,8,Occupied,1,0,Car,0.8969616500472126,6,24.5631016127022,Medium
432,2022-07-05 12:09:22.162162,12,39,Occupied,1,0,Motorcycle,3.967180554305688,3,22.108584665015485,Low
433,2022-07-06 18:48:38.918918,6,32,Occupied,1,1,Car,5.871034256728615,3,19.70172844003904,Medium
434,2022-07-08 01:27:55.675675,12,6,Occupied,1,0,Car,6.073096853630612,3,11.49167070856292,Medium
435,2022-07-09 08:07:12.432432,12,5,Vacant,0,1,Car,14.908095490223818,5,15.95137582116358,High
436,2022-07-10 14:46:29.189189,63,36,Vacant,0,0,Car,5.8590064306015535,2,20.93900169021261,Low
437,2022-07-11 21:25:45.945945,6,4,Vacant,0,0,Car,0.2753698798339056,3,16.06412965006502,Low
438,2022-07-13 04:05:02.702702,63,42,Occupied,1,0,Car,12.38233367310298,4,21.01679729999384,Low
439,2022-07-14 10:44:19.459459,63,37,Vacant,0,0,Car,21.613433343105694,3,23.408717044075708,Low
440,2022-07-15 17:23:36.216216,63,5,Vacant,0,1,Electric Vehicle,7.213506095872098,3,24.812514429000508,Low
441,2022-07-17 00:02:52.972972,63,5,Occupied,1,0,Motorcycle,8.701433942738008,3,13.869103210936585,Low
442,2022-07-18 06:42:09.729729,63,50,Occupied,1,0,Electric Vehicle,1.7785527227080729,0,30.983230274894773,Low
443,2022-07-19 13:21:26.486486,12,20,Vacant,0,0,Motorcycle,2.492898365948513,0,23.83739672277065,Low
444,2022-07-20 20:00:43.243243,63,19,Vacant,0,0,Motorcycle,2.681020047235587,3,19.99142923165468,Medium
445,2022-07-22 02:40:00.000000,12,42,Occupied,1,0,Car,5.634214764324254,6,25.447682915383204,Medium
446,2022-07-23 09:19:16.756756,63,49,Occupied,1,1,Car,26.331081536467508,6,31.827038859999867,Medium
447,2022-07-24 15:58:33.513513,63,50,Vacant,0,0,Car,7.376943689966257,2,12.806399494715652,High
448,2022-07-25 22:37:50.270270,12,39,Vacant,0,0,Motorcycle,2.1331407578522823,5,18.87368678754323,Low
449,2022-07-27 05:17:07.027027,11,20,Vacant,0,0,Car,3.093657886686466,2,8.107841700633358,High
450,2022-07-28 11:56:23.783783,6,5,Occupied,1,0,Car,4.845327146540422,3,20.963257663240125,Medium
451,2022-07-29 18:35:40.540540,11,40,Occupied,1,1,Electric Vehicle,9.761972657614502,0,21.826971209625704,Low
452,2022-07-31 01:14:57.297297,12,29,Occupied,1,0,Car,5.798776987983042,2,19.8041894227862,Low
453,2022-08-01 07:54:14.054054,12,22,Vacant,0,1,Electric Vehicle,4.983123164104175,4,16.72733214500845,Low
454,2022-08-02 14:33:30.810810,12,47,Vacant,0,0,Motorcycle,8.317855353138416,3,9.752427419058376,Low
455,2022-08-03 21:12:47.567567,12,6,Occupied,1,0,Car,2.768542322730123,6,21.867668417058844,Low
456,2022-08-05 03:52:04.324324,63,26,Occupied,1,0,Car,0.8219022390336981,4,27.277172419576623,Low
457,2022-08-06 10:31:21.081081,12,1,Vacant,0,0,Motorcycle,0.2471728558752506,4,17.04490772133284,Medium
458,2022-08-07 17:10:37.837837,63,24,Vacant,0,1,Car,2.893623679807924,5,22.200299645115724,Low
459,2022-08-08 23:49:54.594594,12,3,Vacant,0,0,Motorcycle,0.9606169968357736,5,12.159278432899749,Low
460,2022-08-10 06:29:11.351351,12,7,Occupied,1,0,Motorcycle,4.099862709606948,0,22.28606531846257,Medium
461,2022-08-11 13:08:28.108108,63,6,Vacant,0,0,Car,14.82512530605034,4,18.03308851127672,Low
462,2022-08-12 19:47:44.864864,63,34,Vacant,0,1,Car,12.598179531824451,2,16.187910246985428,High
463,2022-08-14 02:27:01.621621,63,39,Occupied,1,0,Car,9.439898929997677,3,16.198181793919346,Low
464,2022-08-15 09:06:18.378378,11,30,Vacant,0,1,Car,19.139287566238245,5,18.03194208983495,High
465,2022-08-16 15:45:35.135135,63,50,Occupied,1,0,Car,3.313798989716177,2,21.91216657846268,Low
466,2022-08-17 22:24:51.891891,63,20,Vacant,0,0,Motorcycle,21.632906775444454,3,13.439183994022413,Low
467,2022-08-19 05:04:08.648648,6,15,Vacant,0,0,Car,5.095583765117139,2,18.014423342160736,Low
468,2022-08-20 11:43:25.405405,12,45,Occupied,1,0,Motorcycle,5.123155970027349,6,19.79264111000426,Medium
469,2022-08-21 18:22:42.162162,63,12,Vacant,0,1,Car,5.197849953844496,1,14.504803877340704,Medium
470,2022-08-23 01:01:58.918918,63,50,Occupied,1,0,Car,1.0324538328489206,2,28.983326008375087,Low
471,2022-08-24 07:41:15.675675,63,1,Vacant,0,1,Car,37.08694413393228,3,15.732522599693292,High
472,2022-08-25 14:20:32.432432,63,50,Vacant,0,0,Motorcycle,1.490880905148161,4,16.652815431832547,Low
473,2022-08-26 20:59:49.189189,63,3,Vacant,0,0,Car,4.168583520307001,1,15.10846025088751,Medium
474,2022-08-28 03:39:05.945945,12,46,Vacant,0,0,Car,3.846340691126775,2,28.992400435690588,Medium
475,2022-08-29 10:18:22.702702,6,27,Occupied,1,0,Motorcycle,0.7761504239038132,2,22.764526142997408,Low
476,2022-08-30 16:57:39.459459,12,50,Occupied,1,0,Car,1.6518144745725205,2,15.317039968781788,Low
477,2022-08-31 23:36:56.216216,12,4,Occupied,1,0,Car,0.4589561042966472,3,25.531157794299844,High
478,2022-09-02 06:16:12.972972,63,29,Vacant,0,0,Car,3.4588266714136484,3,21.00349347144439,High
479,2022-09-03 12:55:29.729729,63,50,Occupied,1,0,Motorcycle,20.1482995342853,0,21.28626710555751,High
480,2022-09-04 19:34:46.486486,6,27,Vacant,0,1,Car,4.146706580716245,5,18.277613956237737,High
481,2022-09-06 02:14:03.243243,63,33,Occupied,1,0,Car,1.3203746003187533,4,16.252920065215132,Low
482,2022-09-07 08:53:20.000000,6,36,Vacant,0,1,Car,10.3759396097742,4,21.68883049527301,Medium
483,2022-09-08 15:32:36.756756,12,24,Occupied,1,0,Electric Vehicle,56.84248134790148,0,17.274563850022048,Low
484,2022-09-09 22:11:53.513513,6,33,Vacant,0,0,Car,2.643872356861648,3,29.083778147875524,High
485,2022-09-11 04:51:10.270270,63,30,Vacant,0,0,Car,3.279084185315869,4,13.653544473784478,Low
486,2022-09-12 11:30:27.027027,63,46,Vacant,0,0,Car,35.70103286204723,2,27.680783864274726,Low
487,2022-09-13 18:09:43.783783,6,3,Vacant,0,1,Car,1.96959718889518,1,19.443405756011,Low
488,2022-09-15 00:49:00.540540,6,15,Vacant,0,0,Motorcycle,7.158306511198323,2,21.49542867010553,Low
489,2022-09-16 07:28:17.297297,63,49,Vacant,0,1,Car,2.7397923070781047,4,24.16578883314717,Low
490,2022-09-17 14:07:34.054054,11,46,Vacant,0,0,Motorcycle,26.93435979470541,3,16.84875352497782,Medium
491,2022-09-18 20:46:50.810810,63,24,Occupied,1,0,Motorcycle,39.91121115590344,2,24.321241923493183,Medium
492,2022-09-20 03:26:07.567567,63,32,Vacant,0,0,Electric Vehicle,16.857675220131835,2,6.462280723094114,Low
493,2022-09-21 10:05:24.324324,12,15,Vacant,0,0,Car,3.7802089315671976,3,16.400052333890304,Medium
494,2022-09-22 16:44:41.081081,6,10,Occupied,1,0,Electric Vehicle,5.166550406495208,2,15.379685963294673,Medium
495,2022-09-23 23:23:57.837837,11,24,Vacant,0,0,Car,2.774752512824214,3,13.732469938141191,Low
496,2022-09-25 06:03:14.594594,12,19,Vacant,0,0,Motorcycle,22.141893722329904,1,18.925225809605244,Low
497,2022-09-26 12:42:31.351351,63,30,Vacant,0,0,Car,24.59920745829208,5,21.928749840908477,Medium
498,2022-09-27 19:21:48.108108,12,4,Vacant,0,1,Motorcycle,5.427819345914983,1,23.513299992496528,Medium
499,2022-09-29 02:01:04.864864,63,50,Occupied,1,0,Car,10.686644453254958,3,21.20438378600204,Low
500,2022-09-30 08:40:21.621621,12,50,Occupied,1,1,Motorcycle,1.8098626442338288,3,16.671532675532266,Medium
501,2022-10-01 15:19:38.378378,12,36,Occupied,1,0,Electric Vehicle,5.708161035865064,2,21.84508218912584,Low
502,2022-10-02 21:58:55.135135,63,28,Occupied,1,0,Motorcycle,9.983121431317972,2,20.62142847425425,Low
503,2022-10-04 04:38:11.891891,12,16,Vacant,0,0,Motorcycle,4.8678870335983575,3,24.68028083968008,Low
504,2022-10-05 11:17:28.648648,12,42,Occupied,1,0,Car,4.425433780037492,4,23.88468351465758,Low
505,2022-10-06 17:56:45.405405,6,35,Vacant,0,1,Car,0.0099949159229318,3,20.152382069603146,Medium
506,2022-10-08 00:36:02.162162,12,9,Vacant,0,0,Electric Vehicle,16.311390059406786,0,15.513734969193717,High
507,2022-10-09 07:15:18.918918,63,47,Vacant,0,1,Car,22.01271262325597,2,16.735249220839595,Low
508,2022-10-10 13:54:35.675675,63,42,Occupied,1,0,Car,34.88833557115844,1,17.25105320180983,Low
509,2022-10-11 20:33:52.432432,63,49,Occupied,1,0,Car,12.703668594819112,1,18.42366833041872,Medium
510,2022-10-13 03:13:09.189189,63,38,Occupied,1,0,Car,7.958275407561236,3,21.340252137948767,Medium
511,2022-10-14 09:52:25.945945,12,32,Occupied,1,1,Car,3.1373111498267163,2,23.57587195064029,Medium
512,2022-10-15 16:31:42.702702,11,22,Vacant,0,0,Car,72.63681879426066,2,19.74440653492311,Medium
513,2022-10-16 23:10:59.459459,12,48,Vacant,0,0,Car,8.909955070668707,3,20.080623939502363,Low
514,2022-10-18 05:50:16.216216,12,45,Occupied,1,0,Car,11.430472782341925,2,20.71653152500002,Medium
515,2022-10-19 12:29:32.972972,12,3,Vacant,0,0,Car,11.46981951419907,3,17.420473434338298,Low
516,2022-10-20 19:08:49.729729,63,2,Occupied,1,1,Car,18.659559717314917,3,15.37303871178522,Low
517,2022-10-22 01:48:06.486486,11,20,Vacant,0,0,Car,0.0971962170395901,2,11.22281051344645,Low
518,2022-10-23 08:27:23.243243,11,42,Occupied,1,1,Car,2.4877799972041785,4,16.524253209615637,Low
519,2022-10-24 15:06:40.000000,12,50,Vacant,0,0,Electric Vehicle,10.95220049333437,2,22.365727266338936,High
520,2022-10-25 21:45:56.756756,63,8,Occupied,1,0,Car,22.551838627046443,3,16.485442809802162,Medium
521,2022-10-27 04:25:13.513513,6,31,Occupied,1,0,Motorcycle,11.562587170826983,2,18.810964812870303,Low
522,2022-10-28 11:04:30.270270,63,20,Occupied,1,0,Electric Vehicle,5.335677627357213,2,22.332156437061585,Low
523,2022-10-29 17:43:47.027027,6,50,Occupied,1,1,Car,4.487205232936324,2,22.603447482113346,Low
524,2022-10-31 00:23:03.783783,6,43,Vacant,0,0,Car,13.392123532412674,3,14.602335739169805,Low
525,2022-11-01 07:02:20.540540,63,43,Occupied,1,1,Car,13.518453882370242,3,24.985296782268207,Medium
526,2022-11-02 13:41:37.297297,11,24,Vacant,0,0,Car,9.3409324162917,3,25.636750446777427,High
527,2022-11-03 20:20:54.054054,11,22,Vacant,0,0,Car,3.4455867767033816,2,14.3507507139072,High
528,2022-11-05 03:00:10.810810,11,14,Vacant,0,0,Car,25.92333544143749,3,15.88081565179423,Medium
529,2022-11-06 09:39:27.567567,12,3,Vacant,0,1,Car,8.026940961267544,1,25.95545341573096,Medium
530,2022-11-07 16:18:44.324324,63,45,Occupied,1,0,Car,15.629950545973715,4,19.265732393723496,Low
531,2022-11-08 22:58:01.081081,12,42,Occupied,1,0,Electric Vehicle,2.4119075452554,4,8.901110262740746,Low
532,2022-11-10 05:37:17.837837,12,50,Vacant,0,0,Car,4.216566697375189,2,13.001592476336567,Low
533,2022-11-11 12:16:34.594594,63,50,Vacant,0,0,Electric Vehicle,20.760833179294124,1,18.753151874137597,Low
534,2022-11-12 18:55:51.351351,12,29,Vacant,0,1,Car,0.5140596382921729,3,14.18478674857699,Medium
535,2022-11-14 01:35:08.108108,12,40,Vacant,0,0,Car,7.1808621158500285,3,17.93288114681779,Low
536,2022-11-15 08:14:24.864864,63,49,Occupied,1,1,Car,6.572116265686056,2,20.16198106841789,Low
537,2022-11-16 14:53:41.621621,63,44,Vacant,0,0,Electric Vehicle,13.912272635341624,4,27.311273020173644,Low
538,2022-11-17 21:32:58.378378,63,13,Vacant,0,0,Car,3.31137769066188,4,18.54773041886105,High
539,2022-11-19 04:12:15.135135,6,23,Occupied,1,0,Car,2.4726569216214416,2,25.362708997863795,Low
540,2022-11-20 10:51:31.891891,12,7,Vacant,0,0,Motorcycle,26.05486917491324,4,27.14380081018385,Medium
541,2022-11-21 17:30:48.648648,63,49,Occupied,1,1,Car,8.47953930123647,3,27.17154834676038,Medium
542,2022-11-23 00:10:05.405405,11,31,Occupied,1,0,Car,1.1058476976649605,1,21.42377296692784,Low
543,2022-11-24 06:49:22.162162,63,12,Vacant,0,0,Electric Vehicle,2.14476422390716,4,10.18355426080513,Low
544,2022-11-25 13:28:38.918918,12,35,Vacant,0,0,Motorcycle,67.47389252428741,0,22.304124327019327,Medium
545,2022-11-26 20:07:55.675675,6,32,Vacant,0,0,Car,2.17669804950496,5,25.241999439067705,Low
546,2022-11-28 02:47:12.432432,6,19,Vacant,0,0,Car,9.428285436417362,1,19.594664472822917,High
547,2022-11-29 09:26:29.189189,63,6,Occupied,1,1,Electric Vehicle,5.449480256818051,4,28.722919350376245,Low
548,2022-11-30 16:05:45.945945,11,35,Vacant,0,0,Electric Vehicle,21.680462879159517,2,24.299167807337287,Low
549,2022-12-01 22:45:02.702702,11,27,Occupied,1,0,Car,14.071854371264456,1,22.84136688576392,Medium
550,2022-12-03 05:24:19.459459,12,40,Occupied,1,0,Motorcycle,9.086981194982393,5,25.43190355602919,Medium
551,2022-12-04 12:03:36.216216,12,27,Occupied,1,0,Car,0.1079706084381293,3,21.666849256304392,High
552,2022-12-05 18:42:52.972972,63,44,Vacant,0,1,Car,21.18558386573196,2,7.535947503023232,Medium
553,2022-12-07 01:22:09.729729,12,29,Occupied,1,0,Car,5.881881930134321,2,17.504305242648172,High
554,2022-12-08 08:01:26.486486,12,29,Vacant,0,1,Car,26.820557974570768,7,25.98584013623927,Medium
555,2022-12-09 14:40:43.243243,6,45,Vacant,0,0,Car,6.842647719193078,4,15.96204329950852,Medium
556,2022-12-10 21:20:00.000000,12,21,Occupied,1,0,Car,11.8490407104425,2,18.882637473815304,Low
557,2022-12-12 03:59:16.756756,12,7,Vacant,0,0,Car,0.7181038996697244,0,14.775818430484644,Low
558,2022-12-13 10:38:33.513513,63,2,Occupied,1,0,Car,13.67086630452512,2,28.919612976008843,High
559,2022-12-14 17:17:50.270270,63,39,Occupied,1,1,Car,4.124837280660035,1,28.40746228709008,Low
560,2022-12-15 23:57:07.027027,63,32,Vacant,0,0,Electric Vehicle,4.3287589612755735,2,15.580655524296354,Low
561,2022-12-17 06:36:23.783783,63,36,Occupied,1,0,Motorcycle,1.263070876799912,3,20.73649000194542,Low
562,2022-12-18 13:15:40.540540,12,11,Vacant,0,0,Car,1.588282761569052,3,16.59752976117976,Low
563,2022-12-19 19:54:57.297297,6,7,Vacant,0,1,Electric Vehicle,2.0549895703220837,3,23.07472319515689,Low
564,2022-12-21 02:34:14.054054,12,1,Occupied,1,0,Car,3.978037840006445,4,22.548415386211644,Low
565,2022-12-22 09:13:30.810810,12,18,Vacant,0,1,Car,22.25345505244567,1,24.058527858066327,Medium
566,2022-12-23 15:52:47.567567,12,31,Occupied,1,0,Electric Vehicle,4.592777389869517,4,21.659592238539435,Low
567,2022-12-24 22:32:04.324324,63,21,Occupied,1,0,Car,12.886694317374584,4,34.67703103194234,Low
568,2022-12-26 05:11:21.081081,63,23,Occupied,1,0,Car,0.8637249445295192,2,14.860381174946305,Low
569,2022-12-27 11:50:37.837837,63,47,Occupied,1,0,Car,8.94281715132586,4,11.446983227817428,Low
570,2022-12-28 18:29:54.594594,6,18,Occupied,1,1,Car,6.575700805226049,6,18.03454899649269,Low
571,2022-12-30 01:09:11.351351,63,27,Vacant,0,0,Car,38.14803148151149,6,12.160058672198662,Medium
572,2022-12-31 07:48:28.108108,63,40,Occupied,1,1,Electric Vehicle,18.721527425558097,2,12.537688649970036,Low
573,2023-01-01 14:27:44.864864,12,21,Vacant,0,0,Car,6.066571889389053,2,14.993426729010164,High
574,2023-01-02 21:07:01.621621,11,32,Occupied,1,0,Electric Vehicle,14.922895850305633,0,15.389055472841862,Low
575,2023-01-04 03:46:18.378378,12,44,Occupied,1,0,Electric Vehicle,2.144796184243635,3,15.2269094902497,Low
576,2023-01-05 10:25:35.135135,6,49,Occupied,1,0,Car,8.26304534326931,1,22.591094752227058,Low
577,2023-01-06 17:04:51.891891,12,8,Vacant,0,1,Car,0.7754979443154629,5,17.46905469457332,Low
578,2023-01-07 23:44:08.648648,12,48,Occupied,1,0,Car,4.278472789128863,5,19.1024271256376,Medium
579,2023-01-09 06:23:25.405405,6,26,Occupied,1,0,Car,2.5600536132351923,3,24.471163872504675,Medium
580,2023-01-10 13:02:42.162162,6,14,Occupied,1,0,Car,12.690797192360632,2,16.16838737609287,Medium
581,2023-01-11 19:41:58.918918,63,24,Vacant,0,1,Electric Vehicle,6.735223949871801,3,18.67727050647639,Low
582,2023-01-13 02:21:15.675675,63,50,Occupied,1,0,Motorcycle,13.905854701653285,4,21.828799930464577,Low
583,2023-01-14 09:00:32.432432,63,26,Vacant,0,1,Car,7.24215723407303,2,10.292160996898891,Low
584,2023-01-15 15:39:49.189189,12,17,Occupied,1,0,Car,0.9045487227641296,3,8.075472455247088,High
585,2023-01-16 22:19:05.945945,6,33,Vacant,0,0,Car,13.29413773748576,2,21.73058664398861,Low
586,2023-01-18 04:58:22.702702,63,13,Occupied,1,0,Car,17.911352480214905,2,22.46007140283449,Medium
587,2023-01-19 11:37:39.459459,63,4,Occupied,1,0,Electric Vehicle,23.3853590759051,1,30.321100674262052,Low
588,2023-01-20 18:16:56.216216,6,7,Occupied,1,1,Motorcycle,8.486132642005725,1,20.79047437933405,Low
589,2023-01-22 00:56:12.972972,12,7,Vacant,0,0,Car,14.00739629443143,5,24.098698586290475,Low
590,2023-01-23 07:35:29.729729,12,8,Occupied,1,1,Car,13.945053265523306,2,19.02263678207013,Low
591,2023-01-24 14:14:46.486486,6,8,Vacant,0,0,Car,1.693063352023688,5,21.486136107925432,Medium
592,2023-01-25 20:54:03.243243,12,33,Occupied,1,0,Car,1.7939068096114297,2,28.33628420874767,Low
593,2023-01-27 03:33:20.000000,12,10,Occupied,1,0,Car,0.735233032080609,1,9.380035909371822,Medium
594,2023-01-28 10:12:36.756756,63,18,Occupied,1,0,Car,3.85535481730094,5,22.0680812878584,Low
595,2023-01-29 16:51:53.513513,63,46,Occupied,1,0,Car,6.415202585403056,4,30.67793365038683,High
596,2023-01-30 23:31:10.270270,12,25,Vacant,0,0,Car,61.6479595865583,3,21.410171096046717,Low
597,2023-02-01 06:10:27.027027,12,35,Vacant,0,0,Car,5.638631438138409,1,28.25286481616424,Medium
598,2023-02-02 12:49:43.783783,11,9,Vacant,0,0,Car,12.95512924272242,6,16.853939252352788,Medium
599,2023-02-03 19:29:00.540540,11,10,Vacant,0,1,Car,11.822016135455836,2,19.83976252918143,High
600,2023-02-05 02:08:17.297297,6,3,Occupied,1,0,Car,2.2876174164470937,3,20.16762351194294,Low
601,2023-02-06 08:47:34.054054,63,9,Vacant,0,1,Car,0.6028852671774678,0,8.912044603206146,Medium
602,2023-02-07 15:26:50.810810,11,15,Occupied,1,0,Car,7.896729522707224,3,14.159110860749,Low
603,2023-02-08 22:06:07.567567,12,10,Vacant,0,0,Motorcycle,12.049919645415756,4,14.51562460308007,Low
604,2023-02-10 04:45:24.324324,63,5,Occupied,1,0,Car,63.49162978205902,4,24.11033039016264,Low
605,2023-02-11 11:24:41.081081,6,7,Vacant,0,0,Car,4.441192233669795,4,24.360765528420277,Low
606,2023-02-12 18:03:57.837837,63,24,Vacant,0,1,Electric Vehicle,22.6687594279332,0,21.620182213532665,High
607,2023-02-14 00:43:14.594594,63,11,Vacant,0,0,Car,4.811575327866237,4,24.12051448427853,Low
608,2023-02-15 07:22:31.351351,6,19,Occupied,1,1,Motorcycle,11.692870651484256,5,19.17925293639113,Low
609,2023-02-16 14:01:48.108108,12,26,Occupied,1,0,Car,9.11932568770838,3,26.00965834769772,Medium
610,2023-02-17 20:41:04.864864,63,36,Occupied,1,0,Car,0.5443379249092687,2,20.04394221316036,Low
611,2023-02-19 03:20:21.621621,12,3,Vacant,0,0,Car,0.8163143157840336,3,20.289320237133783,Medium
612,2023-02-20 09:59:38.378378,11,41,Vacant,0,1,Car,0.2098269482100658,5,18.672036833687944,Low
613,2023-02-21 16:38:55.135135,12,33,Occupied,1,0,Car,4.633602805844519,0,23.422252388182137,Low
614,2023-02-22 23:18:11.891891,63,5,Occupied,1,0,Car,13.696380459867134,4,17.894005916935434,Low
615,2023-02-24 05:57:28.648648,63,45,Occupied,1,0,Electric Vehicle,1.896548525893708,1,24.88215688599034,High
616,2023-02-25 12:36:45.405405,63,47,Vacant,0,0,Car,9.310312626066866,6,14.339254296419966,Medium
617,2023-02-26 19:16:02.162162,11,4,Occupied,1,1,Car,3.4084065633143963,3,14.50541872635903,High
618,2023-02-28 01:55:18.918918,12,15,Vacant,0,0,Car,15.945129655219905,4,23.43713377563252,Low
619,2023-03-01 08:34:35.675675,12,42,Occupied,1,1,Motorcycle,16.014506407996638,1,19.557278927084937,Low
620,2023-03-02 15:13:52.432432,12,39,Occupied,1,0,Motorcycle,14.93498864618421,4,17.73054291923436,Low
621,2023-03-03 21:53:09.189189,6,10,Vacant,0,0,Motorcycle,7.440900390970523,6,24.450288662377297,Low
622,2023-03-05 04:32:25.945945,12,11,Occupied,1,0,Car,3.3486691994359448,2,16.96369292956958,Low
623,2023-03-06 11:11:42.702702,12,19,Occupied,1,0,Car,16.578093946258964,6,18.99899372849815,Medium
624,2023-03-07 17:50:59.459459,63,25,Occupied,1,1,Car,2.0591846107724736,4,26.996139750355795,Low
625,2023-03-09 00:30:16.216216,63,32,Occupied,1,0,Car,3.421517775629578,4,27.69571172905325,Low
626,2023-03-10 07:09:32.972972,11,19,Vacant,0,1,Motorcycle,2.0327684048395005,3,27.86199105135164,Medium
627,2023-03-11 13:48:49.729729,11,24,Occupied,1,0,Electric Vehicle,11.21502769266254,3,18.589371115330444,Medium
628,2023-03-12 20:28:06.486486,11,39,Vacant,0,0,Car,11.59114257625884,2,26.15351452492235,Low
629,2023-03-14 03:07:23.243243,11,2,Occupied,1,0,Car,10.570193706116305,3,15.25523586115661,Low
630,2023-03-15 09:46:39.999999,6,13,Vacant,0,1,Car,5.371721091441087,3,15.465485626389697,Low
631,2023-03-16 16:25:56.756756,12,37,Vacant,0,0,Car,1.0555054171322606,3,8.247720736878195,Low
632,2023-03-17 23:05:13.513513,6,46,Vacant,0,0,Car,24.2102617090674,2,28.364341009492648,Medium
633,2023-03-19 05:44:30.270270,12,27,Vacant,0,0,Car,7.08729890828677,2,15.680100754619607,Low
634,2023-03-20 12:23:47.027027,63,28,Occupied,1,0,Electric Vehicle,5.225139922322118,5,19.3673371012647,Medium
635,2023-03-21 19:03:03.783783,63,6,Occupied,1,1,Car,8.887361047288715,1,15.44837829035858,Medium
636,2023-03-23 01:42:20.540540,11,23,Vacant,0,0,Electric Vehicle,2.1417196142411346,2,23.4758262416507,Medium
637,2023-03-24 08:21:37.297297,63,28,Occupied,1,1,Car,1.4219599825776663,6,18.1218316964133,Low
638,2023-03-25 15:00:54.054054,6,13,Occupied,1,0,Car,5.200769884071702,4,13.475915547835251,Low
639,2023-03-26 21:40:10.810810,63,14,Occupied,1,0,Car,2.577617745219624,1,22.208312820930303,Medium
640,2023-03-28 04:19:27.567567,63,20,Occupied,1,0,Car,2.800979640276975,3,12.831349875948858,Low
641,2023-03-29 10:58:44.324324,63,2,Occupied,1,0,Car,22.303713001807704,3,15.812971373422544,Low
642,2023-03-30 17:38:01.081081,63,17,Occupied,1,1,Car,7.566391608422441,2,9.465554426869597,Low
643,2023-04-01 00:17:17.837837,63,11,Occupied,1,0,Car,6.606200973919648,1,12.880209439011969,Low
644,2023-04-02 06:56:34.594594,63,17,Vacant,0,0,Electric Vehicle,11.695056590872673,4,20.89264584860239,Medium
645,2023-04-03 13:35:51.351351,6,7,Occupied,1,0,Car,30.271840080026205,5,10.177319809485375,Low
646,2023-04-04 20:15:08.108108,63,46,Vacant,0,0,Motorcycle,1.190071696321286,2,12.594271376891422,Low
647,2023-04-06 02:54:24.864864,63,31,Occupied,1,0,Car,17.929676013814422,1,19.98815541933596,Low
648,2023-04-07 09:33:41.621621,63,35,Vacant,0,1,Car,8.771161252353155,4,17.281965519534737,Low
649,2023-04-08 16:12:58.378378,12,41,Occupied,1,0,Car,1.5801772667135665,3,29.960183179796545,Medium
650,2023-04-09 22:52:15.135135,12,26,Occupied,1,0,Motorcycle,3.526108118500502,5,29.16948273012188,Medium
651,2023-04-11 05:31:31.891891,12,5,Occupied,1,0,Car,6.584779954220638,2,15.660387686244231,Low
652,2023-04-12 12:10:48.648648,63,28,Occupied,1,0,Car,11.749874498962445,1,22.78568809201741,Low
653,2023-04-13 18:50:05.405405,63,30,Vacant,0,1,Car,2.7787302808528604,2,23.746412784397258,Low
654,2023-04-15 01:29:22.162162,6,39,Vacant,0,0,Car,7.654572954505062,1,17.012605709877985,Medium
655,2023-04-16 08:08:38.918918,6,23,Occupied,1,1,Motorcycle,11.541407304848889,7,12.52229231750898,Low
656,2023-04-17 14:47:55.675675,63,7,Occupied,1,0,Car,5.955500738539136,2,19.938507753459717,Medium
657,2023-04-18 21:27:12.432432,12,15,Occupied,1,0,Car,19.87963868338441,6,19.135771625929447,Low
658,2023-04-20 04:06:29.189189,63,19,Occupied,1,0,Motorcycle,20.36068713119078,3,17.821177515146903,Medium
659,2023-04-21 10:45:45.945945,63,33,Occupied,1,0,Car,6.3618330785162645,1,22.211584340822423,Low
660,2023-04-22 17:25:02.702702,6,30,Vacant,0,1,Car,36.091707249951696,4,16.246351964972007,Medium
661,2023-04-24 00:04:19.459459,12,19,Occupied,1,0,Car,0.7859427393289771,7,14.240012262104283,Low
662,2023-04-25 06:43:36.216216,63,50,Vacant,0,0,Motorcycle,0.0336804382019149,0,20.54541485174916,Medium
663,2023-04-26 13:22:52.972972,63,31,Vacant,0,0,Electric Vehicle,4.791142270805185,5,21.929850462844374,Low
664,2023-04-27 20:02:09.729729,11,13,Vacant,0,0,Car,9.190371532704088,3,14.116775280499734,Low
665,2023-04-29 02:41:26.486486,6,6,Occupied,1,0,Motorcycle,9.920928699120504,5,24.640453054955405,Medium
666,2023-04-30 09:20:43.243243,6,8,Vacant,0,1,Car,6.471145984442346,3,11.14759431111961,Low
667,2023-05-01 16:00:00.000000,12,13,Vacant,0,0,Car,1.3339804521927867,2,17.109432706421785,Medium
668,2023-05-02 22:39:16.756756,12,9,Occupied,1,0,Car,1.8692918175862543,3,18.70995731901196,Medium
669,2023-05-04 05:18:33.513513,63,10,Occupied,1,0,Car,19.11543396334348,2,16.81888143674035,Low
670,2023-05-05 11:57:50.270270,63,15,Vacant,0,0,Car,20.242803385235742,5,17.174697632244037,Low
671,2023-05-06 18:37:07.027027,12,9,Vacant,0,1,Motorcycle,11.205467124824724,3,29.35537241154057,Low
672,2023-05-08 01:16:23.783783,12,46,Occupied,1,0,Car,10.912930565538389,4,15.745579554805506,Low
673,2023-05-09 07:55:40.540540,63,5,Occupied,1,1,Electric Vehicle,9.105127765234672,2,32.20610861235957,Low
674,2023-05-10 14:34:57.297297,6,27,Occupied,1,0,Car,2.268076129243911,1,22.185633898655254,Medium
675,2023-05-11 21:14:14.054054,63,21,Occupied,1,0,Car,5.590546708458963,5,20.46027568655996,Low
676,2023-05-13 03:53:30.810810,63,50,Occupied,1,0,Car,11.90381096368576,4,22.38120176693833,Low
677,2023-05-14 10:32:47.567567,63,6,Occupied,1,0,Car,7.705732373262962,5,32.64963874625976,Low
678,2023-05-15 17:12:04.324324,12,21,Vacant,0,1,Motorcycle,0.1875511686305318,5,15.03203498034276,Low
679,2023-05-16 23:51:21.081081,63,50,Vacant,0,0,Car,30.69525363105946,3,14.397910405318054,Low
680,2023-05-18 06:30:37.837837,63,45,Vacant,0,0,Electric Vehicle,18.6314410810397,5,16.225669017140394,Medium
681,2023-05-19 13:09:54.594594,12,42,Occupied,1,0,Electric Vehicle,3.0184186969108047,2,20.160715734822805,Medium
682,2023-05-20 19:49:11.351351,12,14,Vacant,0,1,Car,9.58308584810372,1,11.371144375937131,Low
683,2023-05-22 02:28:28.108108,12,9,Occupied,1,0,Car,25.67063579320772,3,20.11169619659304,High
684,2023-05-23 09:07:44.864864,63,35,Occupied,1,1,Car,1.009381002058059,6,28.46773566706836,Low
685,2023-05-24 15:47:01.621621,12,48,Vacant,0,0,Car,6.992245721432523,4,20.757036953123887,High
686,2023-05-25 22:26:18.378378,12,29,Occupied,1,0,Car,6.092528706316927,1,18.53657270512361,Medium
687,2023-05-27 05:05:35.135135,63,30,Occupied,1,0,Car,5.279802690451302,6,16.90919775658186,Medium
688,2023-05-28 11:44:51.891891,6,15,Occupied,1,0,Car,18.05383509787952,3,24.49255852275782,Low
689,2023-05-29 18:24:08.648648,12,40,Occupied,1,1,Motorcycle,4.790785164746124,2,15.870836133809762,Low
690,2023-05-31 01:03:25.405405,63,10,Vacant,0,0,Car,0.6578018046797661,0,29.23197960299624,Low
691,2023-06-01 07:42:42.162162,11,17,Vacant,0,1,Car,0.6810513224866648,4,29.666798738571785,Medium
692,2023-06-02 14:21:58.918918,6,22,Vacant,0,0,Car,0.4368505429702699,1,21.283753993308935,Low
693,2023-06-03 21:01:15.675675,11,26,Vacant,0,0,Electric Vehicle,5.261853525545106,4,19.94242455961677,Medium
694,2023-06-05 03:40:32.432432,12,13,Vacant,0,0,Car,12.672899479096674,2,25.153299041207795,Low
695,2023-06-06 10:19:49.189189,63,6,Vacant,0,0,Car,2.2780748799115167,6,25.473992511136625,Medium
696,2023-06-07 16:59:05.945945,63,32,Occupied,1,0,Motorcycle,10.397827464973105,2,15.970041344702922,Low
697,2023-06-08 23:38:22.702702,12,15,Vacant,0,0,Motorcycle,11.618347868757088,2,17.36722433431649,Low
698,2023-06-10 06:17:39.459459,11,30,Occupied,1,0,Motorcycle,2.946424048165764,6,13.388262826583524,Low
699,2023-06-11 12:56:56.216216,12,8,Vacant,0,0,Car,9.176858447432842,5,22.045324691670285,Low
700,2023-06-12 19:36:12.972972,6,25,Occupied,1,1,Motorcycle,11.547647593121289,1,23.333139417284453,Low
701,2023-06-14 02:15:29.729729,63,28,Vacant,0,0,Car,6.285092071219038,4,13.250371810693636,Medium
702,2023-06-15 08:54:46.486486,12,3,Vacant,0,1,Electric Vehicle,4.105529250463594,1,17.724005475919206,Low
703,2023-06-16 15:34:03.243243,11,18,Vacant,0,0,Car,9.653537561491293,4,13.263730412093254,Low
704,2023-06-17 22:13:20.000000,6,7,Vacant,0,0,Electric Vehicle,38.09786293531391,3,15.506000948780812,Medium
705,2023-06-19 04:52:36.756756,11,4,Occupied,1,0,Electric Vehicle,5.565928280818662,3,22.755085301131498,Low
706,2023-06-20 11:31:53.513513,6,50,Occupied,1,0,Car,4.971447950048315,3,16.3325896666086,High
707,2023-06-21 18:11:10.270270,12,17,Occupied,1,1,Electric Vehicle,6.241191942182725,1,18.49587021983851,High
708,2023-06-23 00:50:27.027027,12,42,Occupied,1,0,Car,0.7927959181932248,3,11.863441360263424,Low
709,2023-06-24 07:29:43.783783,11,13,Occupied,1,1,Car,8.055620300060717,2,20.93495104862332,Low
710,2023-06-25 14:09:00.540540,12,35,Occupied,1,0,Car,3.985352559211616,3,19.778633400776755,Low
711,2023-06-26 20:48:17.297297,63,39,Occupied,1,0,Electric Vehicle,1.2945072682786627,3,16.35520374983419,Medium
712,2023-06-28 03:27:34.054054,12,31,Vacant,0,0,Car,6.278403442471584,1,19.05492851158763,Low
713,2023-06-29 10:06:50.810810,12,25,Vacant,0,0,Car,0.0338972520650492,3,20.901474402517223,Medium
714,2023-06-30 16:46:07.567567,63,22,Occupied,1,0,Car,5.138054676988987,4,15.92565925545328,Medium
715,2023-07-01 23:25:24.324324,6,18,Occupied,1,0,Electric Vehicle,1.1175342675612023,3,12.618687279991104,Low
716,2023-07-03 06:04:41.081081,63,48,Occupied,1,0,Motorcycle,0.2459263857271494,4,29.02787216343408,Medium
717,2023-07-04 12:43:57.837837,12,43,Occupied,1,0,Car,17.39974059542765,4,16.833636476448635,Medium
718,2023-07-05 19:23:14.594594,6,50,Occupied,1,1,Car,24.799048192164808,2,19.516199484065552,Low
719,2023-07-07 02:02:31.351351,12,7,Occupied,1,0,Car,2.3278317399553368,2,25.054198675101567,Medium
720,2023-07-08 08:41:48.108108,6,38,Occupied,1,1,Car,7.750044385087543,0,37.64527593785242,Medium
721,2023-07-09 15:21:04.864864,63,48,Occupied,1,0,Car,3.2567218765637627,2,13.777567750555672,Low
722,2023-07-10 22:00:21.621621,11,10,Occupied,1,0,Car,6.803838567594925,4,22.24913606863255,Low
723,2023-07-12 04:39:38.378378,63,4,Occupied,1,0,Motorcycle,5.7382101772658505,3,16.46223857352947,Low
724,2023-07-13 11:18:55.135135,63,38,Vacant,0,0,Car,3.134116644628419,2,17.306048477116445,Low
725,2023-07-14 17:58:11.891891,6,30,Vacant,0,1,Car,12.052855977799611,6,16.39893989496605,High
726,2023-07-16 00:37:28.648648,6,43,Occupied,1,0,Car,1.352367995133941,1,14.371725160997077,Low
727,2023-07-17 07:16:45.405405,63,8,Occupied,1,1,Car,0.5453304426318237,2,19.793543191076694,Medium
728,2023-07-18 13:56:02.162162,11,41,Occupied,1,0,Car,14.596198894693602,6,12.627486564758822,Low
729,2023-07-19 20:35:18.918918,12,11,Occupied,1,0,Car,10.964048205816164,1,24.734037832559352,Low
730,2023-07-21 03:14:35.675675,11,9,Occupied,1,0,Motorcycle,6.902037649537287,2,20.275014680166876,High
731,2023-07-22 09:53:52.432432,12,9,Occupied,1,1,Car,6.307166994142195,5,22.1121748645072,Medium
732,2023-07-23 16:33:09.189189,12,42,Occupied,1,0,Car,6.879832953773232,3,17.669056940268884,Low
733,2023-07-24 23:12:25.945945,12,34,Occupied,1,0,Motorcycle,5.745184156976545,7,18.163980328941257,Low
734,2023-07-26 05:51:42.702702,63,27,Vacant,0,0,Motorcycle,4.990490668112603,2,21.43781952583664,Low
735,2023-07-27 12:30:59.459459,12,19,Occupied,1,0,Motorcycle,6.925285777063906,2,14.179746837970873,Low
736,2023-07-28 19:10:16.216216,12,45,Occupied,1,1,Electric Vehicle,7.518683537990642,1,18.21004782793332,Low
737,2023-07-30 01:49:32.972972,63,21,Occupied,1,0,Motorcycle,11.773383842276528,0,15.70193243060773,Low
738,2023-07-31 08:28:49.729729,63,42,Occupied,1,1,Car,12.420456670562585,2,15.547155947044928,High
739,2023-08-01 15:08:06.486486,63,23,Vacant,0,0,Motorcycle,4.742190297996961,2,9.450808796871792,Low
740,2023-08-02 21:47:23.243243,6,20,Vacant,0,0,Car,5.336517057623695,4,26.6966329474,Medium
741,2023-08-04 04:26:40.000000,12,24,Occupied,1,0,Car,4.679212704385042,1,16.567306234231154,Medium
742,2023-08-05 11:05:56.756756,6,16,Vacant,0,0,Car,7.690260784558658,6,25.816880275817752,Low
743,2023-08-06 17:45:13.513513,11,39,Vacant,0,1,Car,6.039530071141632,3,25.34396160697146,Medium
744,2023-08-08 00:24:30.270270,12,26,Occupied,1,0,Car,22.036131088424685,6,13.570001467417532,Low
745,2023-08-09 07:03:47.027027,11,12,Occupied,1,1,Car,11.919166622717055,5,14.55794382163577,Medium
746,2023-08-10 13:43:03.783783,63,46,Vacant,0,0,Car,22.89238395284932,1,32.80251479677842,Low
747,2023-08-11 20:22:20.540540,63,20,Occupied,1,0,Motorcycle,12.349028840261642,3,28.754629709635715,Low
748,2023-08-13 03:01:37.297297,12,28,Occupied,1,0,Electric Vehicle,35.401887450811394,5,19.84240743335948,Medium
749,2023-08-14 09:40:54.054054,12,47,Occupied,1,1,Car,10.098785360213824,1,21.286865532086747,Low
750,2023-08-15 16:20:10.810810,6,32,Vacant,0,0,Motorcycle,33.11817611016264,4,16.845767985264057,Medium
751,2023-08-16 22:59:27.567567,12,6,Vacant,0,0,Car,1.721770551805857,3,22.1617635710017,High
752,2023-08-18 05:38:44.324324,63,48,Vacant,0,0,Electric Vehicle,0.5390478645011846,1,16.414090496387644,Low
753,2023-08-19 12:18:01.081081,6,33,Vacant,0,0,Car,8.65419841545805,2,9.838231178508076,Low
754,2023-08-20 18:57:17.837837,12,18,Vacant,0,1,Car,41.03983213118869,3,13.392221067444744,Low
755,2023-08-22 01:36:34.594594,63,8,Vacant,0,0,Car,5.406067919314525,2,20.105463739252937,Medium
756,2023-08-23 08:15:51.351351,12,41,Vacant,0,1,Car,2.383122188020172,3,14.34466382248706,Medium
757,2023-08-24 14:55:08.108108,11,32,Vacant,0,0,Car,7.3718569502507005,3,19.66361267543233,Low
758,2023-08-25 21:34:24.864864,6,28,Occupied,1,0,Car,10.46395500881716,3,14.626694802835685,Low
759,2023-08-27 04:13:41.621621,12,46,Vacant,0,0,Car,3.785973441185049,3,16.088230387490032,Medium
760,2023-08-28 10:52:58.378378,63,41,Vacant,0,0,Car,12.54457157570966,2,24.26582653206596,Low
761,2023-08-29 17:32:15.135135,63,8,Vacant,0,1,Car,36.93470257574101,1,21.23740273820052,Medium
762,2023-08-31 00:11:31.891891,12,16,Vacant,0,0,Electric Vehicle,22.72668313189619,1,19.951677893433263,Medium
763,2023-09-01 06:50:48.648648,6,13,Vacant,0,0,Car,3.447257260706231,4,24.394819865353256,High
764,2023-09-02 13:30:05.405405,63,38,Vacant,0,0,Car,3.9559945877789753,2,22.403042966736734,Low
765,2023-09-03 20:09:22.162162,63,2,Occupied,1,0,Car,4.644848449083039,1,27.23281645625684,Low
766,2023-09-05 02:48:38.918918,11,30,Occupied,1,0,Motorcycle,5.017878847651961,2,17.700703688424298,Low
767,2023-09-06 09:27:55.675675,6,39,Occupied,1,1,Car,1.0571557778856873,4,17.85182510736246,Low
768,2023-09-07 16:07:12.432432,12,45,Occupied,1,0,Motorcycle,14.35328478378473,1,13.494453668043274,High
769,2023-09-08 22:46:29.189189,63,18,Occupied,1,0,Car,4.546646962670138,4,17.8550964131379,Low
770,2023-09-10 05:25:45.945945,63,42,Occupied,1,0,Car,21.187644662458883,3,24.82384947151223,Medium
771,2023-09-11 12:05:02.702702,63,6,Occupied,1,0,Car,26.164827865332324,3,26.49993686131067,Low
772,2023-09-12 18:44:19.459459,12,44,Vacant,0,1,Car,0.247347055166466,2,24.80152584043334,Low
773,2023-09-14 01:23:36.216216,63,7,Occupied,1,0,Car,44.656752295293046,1,11.02904066725282,Low
774,2023-09-15 08:02:52.972972,6,21,Vacant,0,1,Car,12.379527435572369,3,25.415726063303676,Medium
775,2023-09-16 14:42:09.729729,11,41,Vacant,0,0,Car,7.3478664660435635,0,10.807406883639649,Low
776,2023-09-17 21:21:26.486486,63,8,Occupied,1,0,Motorcycle,4.9352220901341335,2,24.490586620611737,Low
777,2023-09-19 04:00:43.243243,12,12,Occupied,1,0,Car,7.308867070402096,4,18.161077367144724,High
778,2023-09-20 10:40:00.000000,6,37,Vacant,0,0,Car,3.924867781242198,1,23.51266656966928,Low
779,2023-09-21 17:19:16.756756,11,37,Vacant,0,1,Car,9.74682353823017,0,13.33775826052717,Low
780,2023-09-22 23:58:33.513513,6,33,Occupied,1,0,Car,0.975910831770794,0,25.85583816353073,Low
781,2023-09-24 06:37:50.270270,63,36,Occupied,1,0,Car,9.705426167665404,4,12.675126269475555,Low
782,2023-09-25 13:17:07.027027,63,28,Occupied,1,0,Motorcycle,3.2205939265073065,1,16.657725445734112,High
783,2023-09-26 19:56:23.783783,6,13,Occupied,1,1,Motorcycle,0.1779217524332927,3,15.009526861154823,Low
784,2023-09-28 02:35:40.540540,12,18,Occupied,1,0,Car,8.045386596679576,4,11.228575735887503,Low
785,2023-09-29 09:14:57.297297,63,10,Occupied,1,1,Electric Vehicle,8.638115610662332,1,20.47263783794234,Low
786,2023-09-30 15:54:14.054054,12,47,Vacant,0,0,Car,5.561176717296501,3,29.030445589184808,Medium
787,2023-10-01 22:33:30.810810,6,30,Vacant,0,0,Car,0.7503203402159955,2,33.33452611160004,Low
788,2023-10-03 05:12:47.567567,63,21,Vacant,0,0,Car,22.3813675846246,3,20.48577893543124,Medium
789,2023-10-04 11:52:04.324324,6,24,Vacant,0,0,Car,9.452840226592636,2,25.58340637533761,Low
790,2023-10-05 18:31:21.081081,63,49,Vacant,0,1,Car,1.2297394717086612,2,21.160473189642687,Low
791,2023-10-07 01:10:37.837837,6,8,Vacant,0,0,Car,7.152508294289564,2,22.494415973841065,Medium
792,2023-10-08 07:49:54.594594,12,30,Occupied,1,1,Car,6.876708350474205,2,18.289256744363804,Low
793,2023-10-09 14:29:11.351351,63,26,Occupied,1,0,Motorcycle,0.6230301512328973,4,20.97538462711301,Medium
794,2023-10-10 21:08:28.108108,6,32,Vacant,0,0,Car,9.335887425303683,3,22.687393523032146,Low
795,2023-10-12 03:47:44.864864,6,1,Vacant,0,0,Motorcycle,16.519613479676963,2,17.107701355618342,Medium
796,2023-10-13 10:27:01.621621,11,45,Occupied,1,0,Car,13.8233442900456,3,19.61252850053506,Low
797,2023-10-14 17:06:18.378378,63,48,Occupied,1,1,Car,2.268622247227281,4,19.70784940501256,Medium
798,2023-10-15 23:45:35.135135,12,29,Vacant,0,0,Motorcycle,19.826236231156894,4,24.132016586652625,Low
799,2023-10-17 06:24:51.891891,12,36,Occupied,1,0,Car,4.193746472670334,3,14.669839141861598,Low
800,2023-10-18 13:04:08.648648,12,48,Occupied,1,0,Car,29.28230240931487,5,19.742288956961744,Low
801,2023-10-19 19:43:25.405405,6,37,Vacant,0,1,Car,0.7445199279588331,0,29.560027345263485,Low
802,2023-10-21 02:22:42.162162,63,8,Occupied,1,0,Car,6.659381047643263,1,25.820300762929687,Low
803,2023-10-22 09:01:58.918918,63,30,Vacant,0,1,Car,9.091273929030802,2,26.745895244443524,Low
804,2023-10-23 15:41:15.675675,12,31,Vacant,0,0,Car,2.8455376866661157,4,20.12215920089017,Low
805,2023-10-24 22:20:32.432432,63,22,Occupied,1,0,Motorcycle,14.756948678604282,3,21.604987818430114,Medium
806,2023-10-26 04:59:49.189189,11,38,Occupied,1,0,Car,9.858972196495008,4,25.011180833514626,Medium
807,2023-10-27 11:39:05.945945,12,48,Occupied,1,0,Car,0.182754201046906,2,27.80127764765465,Medium
808,2023-10-28 18:18:22.702702,12,48,Occupied,1,1,Car,9.374341639228229,0,10.241985435585567,Low
809,2023-10-30 00:57:39.459459,6,24,Vacant,0,0,Car,6.762472609060193,1,13.422793464750772,Low
810,2023-10-31 07:36:56.216216,12,6,Occupied,1,1,Car,2.1819233098952786,4,26.54722050701324,Low
811,2023-11-01 14:16:12.972972,12,50,Occupied,1,0,Car,54.60419220570255,2,18.61555322115598,Medium
812,2023-11-02 20:55:29.729729,63,43,Occupied,1,0,Car,22.74602238971034,3,16.641396053709613,Low
813,2023-11-04 03:34:46.486486,63,7,Occupied,1,0,Motorcycle,3.4602852589005995,6,13.72919506502198,Low
814,2023-11-05 10:14:03.243243,63,47,Occupied,1,0,Car,7.788595924035566,3,17.224916492279455,Medium
815,2023-11-06 16:53:20.000000,12,45,Vacant,0,0,Electric Vehicle,3.8053175363545626,2,12.988153582880877,Low
816,2023-11-07 23:32:36.756756,12,27,Occupied,1,0,Car,14.938606483088478,2,30.455471363662383,Medium
817,2023-11-09 06:11:53.513513,63,31,Occupied,1,0,Car,26.640060413653508,2,19.88781974009713,Medium
818,2023-11-10 12:51:10.270270,12,21,Occupied,1,0,Car,4.444584738932555,5,19.710247291186413,Low
819,2023-11-11 19:30:27.027027,63,3,Vacant,0,1,Motorcycle,16.37756367314251,3,22.94038337583916,Low
820,2023-11-13 02:09:43.783783,11,18,Occupied,1,0,Car,6.899673270835148,1,24.81172584633285,Low
821,2023-11-14 08:49:00.540540,63,41,Vacant,0,1,Motorcycle,5.05139423076574,5,24.7294407827732,Medium
822,2023-11-15 15:28:17.297297,6,1,Occupied,1,0,Motorcycle,27.87448213241589,3,25.36810971953786,Low
823,2023-11-16 22:07:34.054054,12,18,Vacant,0,0,Motorcycle,7.141761244618856,3,16.84577224604572,Medium
824,2023-11-18 04:46:50.810810,12,21,Occupied,1,0,Car,6.300043208876469,2,18.51066597521569,Low
825,2023-11-19 11:26:07.567567,63,28,Vacant,0,0,Motorcycle,11.160669446124432,2,23.84515827721138,Low
826,2023-11-20 18:05:24.324324,11,47,Vacant,0,1,Motorcycle,3.027743243900475,4,17.3630546918019,Low
827,2023-11-22 00:44:41.081081,63,18,Vacant,0,0,Car,3.9273577708953806,3,19.97446683986388,Medium
828,2023-11-23 07:23:57.837837,12,18,Occupied,1,1,Motorcycle,26.88921863420872,6,21.993818822124076,Low
829,2023-11-24 14:03:14.594594,11,38,Vacant,0,0,Electric Vehicle,11.348505714547946,0,23.92592541155188,Medium
830,2023-11-25 20:42:31.351351,6,24,Vacant,0,0,Car,17.52368469253276,3,11.111595188148994,Low
831,2023-11-27 03:21:48.108108,12,12,Occupied,1,0,Car,3.1623486727983785,4,23.573728249444727,Low
832,2023-11-28 10:01:04.864864,11,24,Occupied,1,0,Car,7.848024654828968,2,18.831379710741373,Medium
833,2023-11-29 16:40:21.621621,6,8,Vacant,0,0,Car,35.542180448312365,2,23.537288554321904,Medium
834,2023-11-30 23:19:38.378378,63,9,Occupied,1,0,Car,3.837582641430321,2,23.884658461774144,Low
835,2023-12-02 05:58:55.135135,12,26,Vacant,0,0,Car,1.7492078179344568,2,28.03957530559579,Low
836,2023-12-03 12:38:11.891891,63,22,Occupied,1,0,Car,7.1515970465864696,1,26.767268238106016,Medium
837,2023-12-04 19:17:28.648648,63,47,Occupied,1,1,Car,4.907307005075953,5,26.73285831305148,Low
838,2023-12-06 01:56:45.405405,6,19,Vacant,0,0,Motorcycle,1.7385021945334358,2,27.21835159583119,Low
839,2023-12-07 08:36:02.162162,12,30,Occupied,1,1,Car,21.94191625717736,2,21.45689492407973,High
840,2023-12-08 15:15:18.918918,63,33,Vacant,0,0,Electric Vehicle,46.80315216877456,1,20.1609254351842,Low
841,2023-12-09 21:54:35.675675,6,1,Vacant,0,0,Car,8.406782401082303,6,24.364085415891672,Low
842,2023-12-11 04:33:52.432432,63,34,Vacant,0,0,Motorcycle,14.90219322671887,2,23.66040475716511,Low
843,2023-12-12 11:13:09.189189,11,10,Vacant,0,0,Motorcycle,19.59267550078384,2,18.4546688163087,Medium
844,2023-12-13 17:52:25.945945,11,50,Vacant,0,1,Car,12.072515268732191,3,22.02411704404134,Medium
845,2023-12-15 00:31:42.702702,11,8,Occupied,1,0,Car,0.451606105428342,5,19.82451766607703,Low
846,2023-12-16 07:10:59.459459,6,22,Vacant,0,1,Car,1.7154095492917527,1,15.73033545769972,Low
847,2023-12-17 13:50:16.216216,63,5,Occupied,1,0,Motorcycle,0.7363490530744393,6,26.45230370688175,Low
848,2023-12-18 20:29:32.972972,12,50,Occupied,1,0,Motorcycle,0.0992873379486335,5,20.275996212650448,Medium
849,2023-12-20 03:08:49.729729,63,26,Occupied,1,0,Car,3.6527814378733305,6,30.243541288494253,Low
850,2023-12-21 09:48:06.486486,63,31,Vacant,0,1,Car,4.981660297837237,5,11.872538649000838,High
851,2023-12-22 16:27:23.243243,12,4,Occupied,1,0,Car,2.7579267539190093,3,17.216106135783168,Low
852,2023-12-23 23:06:40.000000,63,39,Occupied,1,0,Car,0.6678600279219999,3,20.16319418345436,High
853,2023-12-25 05:45:56.756756,11,11,Vacant,0,0,Electric Vehicle,7.547313306043267,2,25.68690548814457,Low
854,2023-12-26 12:25:13.513513,11,46,Occupied,1,0,Car,3.192681275904058,3,21.997346863010925,Medium
855,2023-12-27 19:04:30.270270,63,11,Vacant,0,1,Electric Vehicle,15.89817433410039,6,21.55236377090376,Low
856,2023-12-29 01:43:47.027027,12,10,Vacant,0,0,Motorcycle,0.0808521909747972,5,14.363681037229265,Low
857,2023-12-30 08:23:03.783783,12,2,Occupied,1,1,Electric Vehicle,18.485015896749417,2,14.215293013852644,Medium
858,2023-12-31 15:02:20.540540,6,25,Occupied,1,0,Car,30.956339148145258,1,21.612523301449524,Medium
859,2024-01-01 21:41:37.297297,12,29,Vacant,0,0,Car,12.592567284267425,7,13.179470030908208,Low
860,2024-01-03 04:20:54.054054,63,4,Occupied,1,0,Car,13.229217641424391,4,17.34061124855336,Medium
861,2024-01-04 11:00:10.810810,12,40,Occupied,1,0,Motorcycle,27.114907871772463,2,22.50458664542929,Low
862,2024-01-05 17:39:27.567567,12,24,Occupied,1,1,Car,2.3454743575642363,3,15.08837863861612,Medium
863,2024-01-07 00:18:44.324324,11,27,Occupied,1,0,Car,52.150003100705575,5,28.026779811809032,Low
864,2024-01-08 06:58:01.081081,63,23,Occupied,1,0,Motorcycle,14.849273502110972,2,26.11968172118945,Low
865,2024-01-09 13:37:17.837837,63,21,Occupied,1,0,Car,12.967122219081432,2,12.142900008308498,Low
866,2024-01-10 20:16:34.594594,6,29,Vacant,0,0,Car,4.479925858185906,3,15.338143784090065,Low
867,2024-01-12 02:55:51.351351,6,8,Occupied,1,0,Car,7.891680807585298,5,8.57111377752525,Medium
868,2024-01-13 09:35:08.108108,6,10,Vacant,0,1,Car,10.610789260018867,3,16.087043187259333,Low
869,2024-01-14 16:14:24.864864,12,44,Occupied,1,0,Car,9.68486700173495,3,23.831942382862,Low
870,2024-01-15 22:53:41.621621,12,49,Occupied,1,0,Car,12.207278510407132,2,17.930525288625716,Low
871,2024-01-17 05:32:58.378378,12,20,Vacant,0,0,Motorcycle,0.8597381262219752,4,22.30398621807984,Medium
872,2024-01-18 12:12:15.135135,63,14,Vacant,0,0,Motorcycle,4.395107900813716,7,12.38832840859128,Low
873,2024-01-19 18:51:31.891891,12,33,Vacant,0,1,Car,5.691612300995855,1,23.989876272909527,Low
874,2024-01-21 01:30:48.648648,63,21,Vacant,0,0,Motorcycle,3.0195585711502493,3,17.224453860358253,High
875,2024-01-22 08:10:05.405405,63,2,Vacant,0,1,Car,1.8949998448907044,3,20.06084841141453,Low
876,2024-01-23 14:49:22.162162,11,8,Occupied,1,0,Car,1.4957655035788242,3,19.53562749303473,Medium
877,2024-01-24 21:28:38.918918,63,37,Vacant,0,0,Motorcycle,4.563112271091938,2,13.64225739553858,Medium
878,2024-01-26 04:07:55.675675,11,34,Vacant,0,0,Car,6.8011585937536365,1,14.234578341301088,Low
879,2024-01-27 10:47:12.432432,63,2,Vacant,0,0,Car,0.6504685313949852,4,24.83897234501713,High
880,2024-01-28 17:26:29.189189,63,12,Vacant,0,1,Car,29.27290653001512,4,21.99496078750848,Medium
881,2024-01-30 00:05:45.945945,12,12,Vacant,0,0,Car,14.49205717680634,6,25.250245207767133,Low
882,2024-01-31 06:45:02.702702,6,35,Occupied,1,0,Car,13.124930220907478,3,21.62329117751259,Low
883,2024-02-01 13:24:19.459459,12,2,Vacant,0,0,Motorcycle,1.8978194641159964,3,20.714953174046084,Medium
884,2024-02-02 20:03:36.216216,6,6,Vacant,0,0,Car,9.25838083165272,3,11.369946906666168,Low
885,2024-02-04 02:42:52.972972,63,41,Vacant,0,0,Motorcycle,7.544375358961907,3,18.648166516194152,Medium
886,2024-02-05 09:22:09.729729,11,10,Vacant,0,1,Car,40.437757400427245,6,19.86307839798128,Low
887,2024-02-06 16:01:26.486486,63,34,Occupied,1,0,Car,13.770245393056644,5,29.76553599136287,Low
888,2024-02-07 22:40:43.243243,6,13,Vacant,0,0,Car,8.574603863767521,5,23.434783160493385,Low
889,2024-02-09 05:20:00.000000,12,6,Vacant,0,0,Car,19.025524907286854,3,27.68030590854764,Low
890,2024-02-10 11:59:16.756756,6,13,Vacant,0,0,Motorcycle,1.685302209973628,4,22.98768852947364,Low
891,2024-02-11 18:38:33.513513,12,37,Occupied,1,1,Car,0.1533348907300489,2,16.443483865252603,Medium
892,2024-02-13 01:17:50.270270,63,44,Vacant,0,0,Car,11.719359533490532,1,20.585621080749256,Medium
893,2024-02-14 07:57:07.027027,11,43,Occupied,1,1,Car,1.0348611814697088,1,21.181118231321165,Medium
894,2024-02-15 14:36:23.783783,63,21,Vacant,0,0,Car,1.2265774273982106,3,15.304222151146591,Medium
895,2024-02-16 21:15:40.540540,63,35,Occupied,1,0,Car,13.652404637515886,0,18.078063117035395,Medium
896,2024-02-18 03:54:57.297297,6,11,Vacant,0,0,Car,3.154436765657947,4,18.97116503161414,Low
897,2024-02-19 10:34:14.054054,63,15,Occupied,1,0,Car,9.90559681977305,2,28.02809916282559,Medium
898,2024-02-20 17:13:30.810810,63,46,Occupied,1,1,Car,24.93829452972693,6,9.596297373045108,Low
899,2024-02-21 23:52:47.567567,12,1,Vacant,0,0,Electric Vehicle,3.804913618266823,4,26.02909210358021,High
900,2024-02-23 06:32:04.324324,6,5,Occupied,1,0,Car,2.448067095711182,2,15.316023825203086,Medium
901,2024-02-24 13:11:21.081081,63,11,Vacant,0,0,Electric Vehicle,1.1267932597639423,5,13.13960406365193,Low
902,2024-02-25 19:50:37.837837,12,2,Vacant,0,1,Car,1.3979365851079504,1,25.89971065019232,Low
903,2024-02-27 02:29:54.594594,6,10,Vacant,0,0,Car,0.6424277327937956,7,23.659490346171907,Low
904,2024-02-28 09:09:11.351351,6,30,Occupied,1,1,Car,0.9172323729392184,2,26.27259351190595,Low
905,2024-02-29 15:48:28.108108,11,22,Vacant,0,0,Car,5.656419391829757,1,24.00350973772788,Low
906,2024-03-01 22:27:44.864864,6,46,Occupied,1,0,Car,3.8693541568516983,5,30.29922500868701,Low
907,2024-03-03 05:07:01.621621,12,42,Vacant,0,0,Car,12.260848650098929,3,22.793619184722427,Low
908,2024-03-04 11:46:18.378378,12,18,Vacant,0,0,Car,20.42081468035484,1,19.217613119384207,High
909,2024-03-05 18:25:35.135135,63,14,Occupied,1,1,Motorcycle,15.360629377327406,6,21.714631886606718,Medium
910,2024-03-07 01:04:51.891891,6,20,Occupied,1,0,Electric Vehicle,7.563793695410908,5,26.217345641729818,Medium
911,2024-03-08 07:44:08.648648,11,31,Occupied,1,1,Motorcycle,1.080776662510836,4,16.103123373699415,Medium
912,2024-03-09 14:23:25.405405,6,14,Vacant,0,0,Car,12.370722086407945,4,16.740557087343095,Low
913,2024-03-10 21:02:42.162162,63,32,Occupied,1,0,Car,4.507167815713891,3,18.45519992701046,Low
914,2024-03-12 03:41:58.918918,12,21,Vacant,0,0,Car,0.8954227947627613,4,9.47708600617334,Medium
915,2024-03-13 10:21:15.675675,12,29,Vacant,0,0,Car,18.48116555920118,2,20.690392042087733,High
916,2024-03-14 17:00:32.432432,12,23,Vacant,0,1,Car,4.128168417729973,3,10.569356480244869,Low
917,2024-03-15 23:39:49.189189,6,16,Vacant,0,0,Car,2.4621878921590765,0,20.265296564663096,Medium
918,2024-03-17 06:19:05.945945,12,49,Occupied,1,0,Car,20.51453406222577,3,24.326448780676248,High
919,2024-03-18 12:58:22.702702,63,39,Vacant,0,0,Motorcycle,23.241547387075823,3,17.615617696780824,Medium
920,2024-03-19 19:37:39.459459,11,8,Vacant,0,1,Motorcycle,4.139573208775933,2,28.38557935093436,High
921,2024-03-21 02:16:56.216216,12,45,Vacant,0,0,Car,4.381971324876463,3,12.69749550290756,Low
922,2024-03-22 08:56:12.972972,63,25,Occupied,1,1,Car,8.66616500471974,3,25.95630340815916,High
923,2024-03-23 15:35:29.729729,63,46,Occupied,1,0,Motorcycle,13.221615240509426,1,23.375685282034603,Medium
924,2024-03-24 22:14:46.486486,11,41,Occupied,1,0,Car,0.6523124304798904,1,11.419833758446554,Low
925,2024-03-26 04:54:03.243243,6,22,Occupied,1,0,Car,8.997868167742167,1,33.55397149520266,High
926,2024-03-27 11:33:20.000000,12,2,Occupied,1,0,Car,30.53786514532537,2,19.68127357248017,Low
927,2024-03-28 18:12:36.756756,63,14,Occupied,1,1,Car,3.039386944274926,2,15.61257988922184,Low
928,2024-03-30 00:51:53.513513,63,28,Vacant,0,0,Car,23.94998826617723,1,12.964564026079916,Low
929,2024-03-31 07:31:10.270270,63,33,Occupied,1,1,Motorcycle,29.99104769292028,3,18.89990986170163,Low
930,2024-04-01 14:10:27.027027,12,14,Vacant,0,0,Car,3.135520204901125,3,19.3629656380502,Low
931,2024-04-02 20:49:43.783783,12,8,Occupied,1,0,Car,14.032446729504166,0,20.51322764269832,Medium
932,2024-04-04 03:29:00.540540,12,43,Vacant,0,0,Car,2.728263121489679,2,18.5110192188802,Low
933,2024-04-05 10:08:17.297297,6,50,Vacant,0,0,Motorcycle,13.37927759905851,2,23.166126550575463,Low
934,2024-04-06 16:47:34.054054,63,27,Vacant,0,0,Car,15.966202669959111,6,18.061850836683767,Low
935,2024-04-07 23:26:50.810810,63,9,Vacant,0,0,Car,2.8396326740100046,4,10.325179413797644,Low
936,2024-04-09 06:06:07.567567,63,14,Occupied,1,0,Car,12.583217927113306,2,19.253192521751792,Medium
937,2024-04-10 12:45:24.324324,63,1,Vacant,0,0,Car,16.718695285973663,5,8.162611733133609,Medium
938,2024-04-11 19:24:41.081081,63,47,Occupied,1,1,Car,4.440690519895051,2,21.76885315445695,High
939,2024-04-13 02:03:57.837837,12,7,Occupied,1,0,Car,1.8356566155912324,5,15.103498848586824,Medium
940,2024-04-14 08:43:14.594594,6,30,Occupied,1,1,Motorcycle,0.964718783641438,3,20.816801774579,Low
941,2024-04-15 15:22:31.351351,6,14,Occupied,1,0,Electric Vehicle,8.565646397556907,2,26.57037490762302,High
942,2024-04-16 22:01:48.108108,6,29,Occupied,1,0,Car,38.21182769851984,2,15.25625652366,Medium
943,2024-04-18 04:41:04.864864,12,34,Vacant,0,0,Car,17.313249079503773,4,25.30628129256059,Low
944,2024-04-19 11:20:21.621621,6,43,Occupied,1,0,Car,5.724167397674352,3,17.833052166569235,Medium
945,2024-04-20 17:59:38.378378,63,11,Vacant,0,1,Motorcycle,7.69209775586389,4,28.765974010327927,High
946,2024-04-22 00:38:55.135135,11,1,Vacant,0,0,Car,3.278485671531855,7,18.17423693400893,Medium
947,2024-04-23 07:18:11.891891,63,7,Occupied,1,1,Motorcycle,1.7800990616518448,4,15.797535072466545,Low
948,2024-04-24 13:57:28.648648,63,46,Occupied,1,0,Car,6.579367251217198,5,23.436192251976443,Medium
949,2024-04-25 20:36:45.405405,63,45,Vacant,0,0,Electric Vehicle,6.226916361461857,1,17.82105135188182,Low
950,2024-04-27 03:16:02.162162,11,31,Occupied,1,0,Motorcycle,7.379980149754003,2,15.79275242935496,Low
951,2024-04-28 09:55:18.918918,11,31,Occupied,1,1,Motorcycle,30.53458542888573,4,17.610800746481043,Low
952,2024-04-29 16:34:35.675675,6,34,Vacant,0,0,Car,9.260767090996705,0,19.776967339084997,Low
953,2024-04-30 23:13:52.432432,12,9,Occupied,1,0,Car,9.308254424278587,3,26.71090065622427,Low
954,2024-05-02 05:53:09.189189,12,47,Occupied,1,0,Car,1.369942532528461,1,10.329561272702117,Low
955,2024-05-03 12:32:25.945945,11,22,Occupied,1,0,Car,56.51816267119316,2,20.115403294752102,Medium
956,2024-05-04 19:11:42.702702,12,20,Occupied,1,1,Car,14.821224296379697,2,23.124517973270216,Medium
957,2024-05-06 01:50:59.459459,11,27,Occupied,1,0,Car,20.972254956757634,3,20.96724287495898,High
958,2024-05-07 08:30:16.216216,63,3,Occupied,1,1,Car,5.34948269029885,3,26.549325847167676,Low
959,2024-05-08 15:09:32.972972,63,9,Occupied,1,0,Car,6.974124554974007,3,19.62827335120738,Low
960,2024-05-09 21:48:49.729729,6,38,Occupied,1,0,Car,7.383198948387779,3,19.07724278907028,High
961,2024-05-11 04:28:06.486486,63,5,Vacant,0,0,Car,2.15788837759012,2,22.96164773506672,Low
962,2024-05-12 11:07:23.243243,11,31,Occupied,1,0,Car,11.695364549557889,3,20.49656907475675,Medium
963,2024-05-13 17:46:40.000000,12,13,Vacant,0,1,Car,23.328043665585668,1,18.047956308597644,Medium
964,2024-05-15 00:25:56.756756,11,20,Occupied,1,0,Motorcycle,1.787748356180427,3,22.5807201979319,Low
965,2024-05-16 07:05:13.513513,63,15,Occupied,1,1,Car,0.9027298861518572,3,16.737358533916776,Medium
966,2024-05-17 13:44:30.270270,6,19,Vacant,0,0,Car,13.402466417897385,5,16.944114239903364,Medium
967,2024-05-18 20:23:47.027027,12,37,Vacant,0,0,Car,3.1910646265176945,6,17.360029891171934,Low
968,2024-05-20 03:03:03.783783,12,16,Occupied,1,0,Car,9.77800621595648,1,26.76534580083204,Low
969,2024-05-21 09:42:20.540540,12,29,Occupied,1,1,Car,11.899329525588204,2,3.894918220071432,Low
970,2024-05-22 16:21:37.297297,11,25,Occupied,1,0,Electric Vehicle,3.884763825665608,5,21.97799417381471,Low
971,2024-05-23 23:00:54.054054,12,34,Vacant,0,0,Car,16.88181367225316,3,20.17135907100111,Low
972,2024-05-25 05:40:10.810810,63,48,Occupied,1,0,Car,7.984832123268753,3,11.595647703809398,Low
973,2024-05-26 12:19:27.567567,11,38,Occupied,1,0,Car,20.32553436339311,3,21.548633895680013,Low
974,2024-05-27 18:58:44.324324,63,11,Vacant,0,1,Car,14.409345239609584,0,22.37875995915766,High
975,2024-05-29 01:38:01.081081,63,2,Vacant,0,0,Motorcycle,20.293237413994984,0,22.948196156787,Low
976,2024-05-30 08:17:17.837837,63,14,Vacant,0,1,Car,0.20367396508544,1,6.740859684775256,Low
977,2024-05-31 14:56:34.594594,6,31,Occupied,1,0,Electric Vehicle,2.7906102171473317,3,26.831947059272192,Low
978,2024-06-01 21:35:51.351351,63,3,Vacant,0,0,Car,0.9431940527407876,4,16.311316476575797,Low
979,2024-06-03 04:15:08.108108,63,26,Vacant,0,0,Motorcycle,5.835451039941199,3,23.43283873376588,Low
980,2024-06-04 10:54:24.864864,11,31,Vacant,0,0,Car,22.06912448118288,2,23.70536890341143,Low
981,2024-06-05 17:33:41.621621,6,18,Vacant,0,1,Car,6.302479941479629,3,15.616514571903537,Low
982,2024-06-07 00:12:58.378378,63,40,Vacant,0,0,Motorcycle,18.9520877627842,1,23.30229976175775,Medium
983,2024-06-08 06:52:15.135135,6,6,Occupied,1,0,Car,3.9627482545309594,1,18.072533795438208,High
984,2024-06-09 13:31:31.891891,11,4,Occupied,1,0,Car,4.148642511931808,1,9.643114103309214,Low
985,2024-06-10 20:10:48.648648,63,38,Vacant,0,0,Car,22.59159102952928,3,25.83870962763889,Low
986,2024-06-12 02:50:05.405405,6,26,Occupied,1,0,Car,5.548073733079173,3,16.1247751849188,Medium
987,2024-06-13 09:29:22.162162,12,36,Occupied,1,1,Car,15.595316465506665,3,15.72753268630973,Medium
988,2024-06-14 16:08:38.918918,12,23,Occupied,1,0,Car,2.7003018494299527,5,17.984670659816388,Low
989,2024-06-15 22:47:55.675675,12,13,Vacant,0,0,Car,29.72031951709289,5,21.36118362663694,High
990,2024-06-17 05:27:12.432432,12,42,Occupied,1,0,Car,8.546742410179522,5,19.713647945889488,Low
991,2024-06-18 12:06:29.189189,63,41,Vacant,0,0,Car,14.243018558065604,3,22.74033462353585,Low
992,2024-06-19 18:45:45.945945,6,36,Occupied,1,1,Car,0.9377862301078764,1,13.302553167356706,Medium
993,2024-06-21 01:25:02.702702,63,14,Occupied,1,0,Electric Vehicle,6.785822181308499,2,16.288068147846328,High
994,2024-06-22 08:04:19.459459,12,31,Occupied,1,1,Car,23.130243704757717,2,19.42001463839233,Medium
995,2024-06-23 14:43:36.216216,63,19,Occupied,1,0,Electric Vehicle,20.95885030198668,0,29.48943646329353,Low
996,2024-06-24 21:22:52.972972,6,5,Vacant,0,0,Car,0.479451763681385,2,19.43093730793121,Low
997,2024-06-26 04:02:09.729729,63,47,Vacant,0,0,Car,3.6197247845634113,2,25.42611131830816,Low
998,2024-06-27 10:41:26.486486,12,7,Vacant,0,0,Car,5.8576472206927175,1,20.192775843921588,Low
999,2024-06-28 17:20:43.243243,12,49,Occupied,1,1,Car,1.89061999852706,2,17.581706812812158,Medium
1000,2024-06-30 00:00:00.000000,6,23,Occupied,1,0,Car,13.09327064410626,2,18.7663778794278,Medium
